no;year;group;y;id
1;0;1;0;1
2;1.138912485;1;0;1
3;7.189438003;1;0;1
4;10.22442305;1;1;1
5;11.3333539;1;1;1
6;11.41536838;1;0;1
7;13.2026372;1;0;1
8;13.78587536;1;1;1
9;14.31583505;1;1;1
10;16.93926589;1;0;1
11;19.70762839;1;0;1
12;22.0754351;1;0;1
13;22.31047611;1;1;1
14;23.51168211;1;1;1
15;23.92083363;1;0;1
16;0;1;0;2
17;1.051488338;1;0;2
18;2.573117067;1;0;2
19;6.152193359;1;1;2
20;8.198017982;1;1;2
21;13.60165062;1;1;2
22;14.85355051;1;1;2
23;16.01267034;1;0;2
24;16.39264498;1;1;2
25;17.32008515;1;1;2
26;17.7132617;1;1;2
27;22.2384829;1;1;2
28;22.49562426;1;1;2
29;23.86259123;1;1;2
30;24.85674442;1;1;2
31;0;1;0;3
32;0.615342113;1;1;3
33;3.57000056;1;1;3
34;3.677841183;1;1;3
35;5.410198396;1;0;3
36;5.790644634;1;1;3
37;7.228993432;1;0;3
38;7.954525191;1;0;3
39;10.3636584;1;0;3
40;11.94489928;1;0;3
41;17.26763196;1;1;3
42;18.96148844;1;1;3
43;19.88668544;1;0;3
44;22.55747613;1;0;3
45;24.07560581;1;1;3
46;0;0;0;4
47;1.145779167;0;1;4
48;3.047481499;0;0;4
49;3.470151586;0;0;4
50;3.811118694;0;0;4
51;5.16328474;0;1;4
52;5.825852486;0;0;4
53;6.649316009;0;0;4
54;9.221136273;0;0;4
55;10.34310816;0;0;4
56;11.05500186;0;1;4
57;11.64906126;0;0;4
58;14.02369959;0;0;4
59;19.97312114;0;0;4
60;21.44569288;0;0;4
61;0;0;0;5
62;2.371016523;0;0;5
63;3.188291256;0;0;5
64;6.859591114;0;1;5
65;9.361569397;0;1;5
66;9.599240945;0;0;5
67;10.99579219;0;0;5
68;11.21290853;0;0;5
69;16.62787987;0;1;5
70;18.83269661;0;1;5
71;19.85855803;0;0;5
72;20.25160883;0;0;5
73;20.30973774;0;1;5
74;20.36600097;0;1;5
75;22.37613398;0;1;5
76;0;0;1;6
77;0.015619333;0;0;6
78;2.778385609;0;1;6
79;5.502972129;0;1;6
80;6.090486818;0;1;6
81;8.794947731;0;1;6
82;9.495413443;0;1;6
83;10.44116949;0;1;6
84;11.88291435;0;1;6
85;15.31927508;0;1;6
86;15.73052829;0;1;6
87;16.70138969;0;1;6
88;17.75456003;0;1;6
89;18.86187897;0;1;6
90;19.70489585;0;1;6
91;0;0;0;7
92;2.339874668;0;0;7
93;2.571616106;0;1;7
94;3.267392289;0;0;7
95;4.376316257;0;1;7
96;4.692277982;0;0;7
97;8.009331062;0;1;7
98;8.587911807;0;1;7
99;10.87231854;0;1;7
100;16.32754813;0;1;7
101;16.4189532;0;1;7
102;19.55735753;0;1;7
103;22.16172652;0;1;7
104;22.32627786;0;1;7
105;24.6239245;0;1;7
106;0;0;0;8
107;3.677367273;0;0;8
108;7.530722499;0;0;8
109;8.320588508;0;0;8
110;10.26724441;0;1;8
111;11.66947604;0;0;8
112;12.07255993;0;0;8
113;12.21532584;0;0;8
114;12.7876365;0;0;8
115;14.99972398;0;0;8
116;15.21837456;0;0;8
117;22.25875555;0;0;8
118;22.86095467;0;0;8
119;23.38249508;0;0;8
120;23.86184569;0;0;8
121;0;0;0;9
122;1.518014289;0;0;9
123;3.55735739;0;0;9
124;5.494190782;0;0;9
125;7.693000272;0;0;9
126;7.995515427;0;0;9
127;9.237221646;0;0;9
128;10.11275704;0;0;9
129;13.7321164;0;0;9
130;14.63708383;0;0;9
131;16.19733698;0;0;9
132;18.01490684;0;0;9
133;23.6931735;0;0;9
134;23.85228096;0;0;9
135;24.60548009;0;0;9
136;0;1;1;10
137;2.276099997;1;0;10
138;3.547672695;1;0;10
139;3.855057521;1;0;10
140;10.98578841;1;1;10
141;13.02839314;1;1;10
142;15.48141208;1;0;10
143;16.49596124;1;0;10
144;16.82497732;1;0;10
145;17.25017754;1;0;10
146;18.42694345;1;0;10
147;19.65703879;1;0;10
148;20.5451365;1;0;10
149;22.28485293;1;0;10
150;24.49554793;1;1;10
151;0;0;0;11
152;0.261677796;0;0;11
153;1.917279133;0;0;11
154;4.5962381;0;0;11
155;5.779044551;0;0;11
156;5.977498891;0;1;11
157;6.143091951;0;1;11
158;6.161224854;0;1;11
159;7.792555052;0;1;11
160;9.697725746;0;1;11
161;10.23687382;0;1;11
162;12.43818168;0;1;11
163;18.30338014;0;1;11
164;21.06823297;0;1;11
165;21.18632913;0;1;11
166;0;1;0;12
167;2.777411533;1;1;12
168;5.42231907;1;0;12
169;5.449766718;1;1;12
170;5.527573446;1;0;12
171;8.847614296;1;1;12
172;8.88613452;1;1;12
173;9.367848915;1;1;12
174;9.749860881;1;0;12
175;11.11920005;1;1;12
176;12.55748908;1;1;12
177;13.34219864;1;1;12
178;14.29838285;1;1;12
179;16.24962897;1;1;12
180;18.50835901;1;1;12
181;0;0;1;13
182;4.59571227;0;0;13
183;6.642167171;0;0;13
184;7.811204123;0;0;13
185;9.305951506;0;0;13
186;10.31865297;0;0;13
187;13.24589215;0;0;13
188;14.54375249;0;0;13
189;15.45044683;0;0;13
190;15.74932634;0;0;13
191;16.70711624;0;0;13
192;18.6642001;0;0;13
193;20.99419412;0;0;13
194;21.59110279;0;0;13
195;21.86705857;0;0;13
196;0;1;0;14
197;6.625445152;1;1;14
198;6.625818287;1;1;14
199;6.854165538;1;0;14
200;8.03706891;1;0;14
201;11.66331756;1;1;14
202;12.03224501;1;1;14
203;14.11476087;1;1;14
204;14.85857985;1;1;14
205;15.49983275;1;1;14
206;17.70725806;1;1;14
207;22.54685974;1;1;14
208;22.82970558;1;1;14
209;23.43285223;1;1;14
210;24.64102211;1;1;14
211;0;0;0;15
212;3.808665421;0;0;15
213;4.266130878;0;0;15
214;4.30429366;0;0;15
215;5.968150671;0;0;15
216;7.205982017;0;0;15
217;9.10229662;0;0;15
218;10.06433356;0;0;15
219;10.17081483;0;0;15
220;12.87574318;0;0;15
221;14.32167646;0;0;15
222;15.03414315;0;1;15
223;16.48075811;0;1;15
224;22.00616353;0;1;15
225;24.05897341;0;1;15
226;0;0;0;16
227;1.191590686;0;0;16
228;5.40636974;0;1;16
229;6.324123213;0;0;16
230;7.063208253;0;0;16
231;8.797215961;0;0;16
232;10.22359995;0;0;16
233;12.05106514;0;0;16
234;16.8594097;0;0;16
235;17.15937705;0;0;16
236;17.52132719;0;0;16
237;18.20986071;0;0;16
238;20.5237831;0;0;16
239;22.9714337;0;0;16
240;24.02761984;0;0;16
241;0;0;0;17
242;1.321098569;0;0;17
243;1.461962215;0;0;17
244;4.943618417;0;0;17
245;6.521421426;0;0;17
246;9.880503366;0;1;17
247;9.928798833;0;1;17
248;10.71053772;0;1;17
249;11.9461345;0;1;17
250;13.55200918;0;1;17
251;14.00633159;0;1;17
252;15.45878068;0;1;17
253;17.45653987;0;1;17
254;20.79818907;0;1;17
255;22.89208846;0;1;17
256;0;0;0;18
257;3.822180571;0;1;18
258;4.292462347;0;0;18
259;5.544698366;0;1;18
260;6.430418661;0;1;18
261;7.796743669;0;1;18
262;9.973495617;0;1;18
263;13.67065391;0;1;18
264;15.826384;0;1;18
265;16.55794105;0;1;18
266;18.11385866;0;1;18
267;18.16756348;0;1;18
268;20.08546355;0;1;18
269;24.18495927;0;1;18
270;24.23391028;0;1;18
271;0;0;0;19
272;4.201520263;0;0;19
273;6.688035803;0;1;19
274;10.10997953;0;1;19
275;11.78940694;0;1;19
276;12.91112236;0;1;19
277;13.27675997;0;1;19
278;14.41297553;0;1;19
279;14.82614129;0;1;19
280;16.85467106;0;1;19
281;19.63229178;0;1;19
282;21.70267017;0;1;19
283;22.04943898;0;1;19
284;23.1426989;0;1;19
285;23.75417448;0;1;19
286;0;1;0;20
287;0.157519599;1;0;20
288;0.500607514;1;0;20
289;1.8014281;1;0;20
290;1.859612833;1;0;20
291;4.105280625;1;0;20
292;8.408280148;1;0;20
293;8.683115785;1;0;20
294;11.66180942;1;0;20
295;12.57032614;1;1;20
296;16.22045311;1;0;20
297;18.37960765;1;1;20
298;19.25835186;1;1;20
299;21.77608534;1;1;20
300;24.29689089;1;1;20
301;0;1;0;21
302;1.365727728;1;0;21
303;1.448964013;1;0;21
304;1.6232075;1;0;21
305;1.79760243;1;0;21
306;2.518039558;1;0;21
307;3.427652025;1;0;21
308;5.62463323;1;0;21
309;5.647160823;1;0;21
310;7.443544565;1;0;21
311;9.897317208;1;0;21
312;9.914614866;1;0;21
313;16.75705099;1;0;21
314;18.96482924;1;0;21
315;22.01101422;1;0;21
316;0;1;0;22
317;0.205387996;1;0;22
318;0.235747627;1;0;22
319;2.476045734;1;0;22
320;2.589991124;1;0;22
321;3.915921284;1;1;22
322;12.02277075;1;1;22
323;15.75329632;1;1;22
324;18.2347663;1;1;22
325;18.85618505;1;1;22
326;19.47664707;1;1;22
327;19.61438166;1;1;22
328;19.97079028;1;1;22
329;20.41514719;1;1;22
330;24.55350934;1;1;22
331;0;1;0;23
332;1.382548158;1;0;23
333;5.943735124;1;0;23
334;7.397386385;1;0;23
335;8.849652566;1;0;23
336;8.869577438;1;0;23
337;9.739677788;1;0;23
338;11.31145986;1;0;23
339;11.61664855;1;0;23
340;12.30733322;1;0;23
341;17.83197502;1;0;23
342;20.07030682;1;0;23
343;20.89272093;1;0;23
344;21.34408435;1;0;23
345;21.4221355;1;0;23
346;0;0;0;24
347;0.843194325;0;0;24
348;0.871870102;0;0;24
349;2.595167205;0;0;24
350;3.676208114;0;0;24
351;7.157133718;0;0;24
352;7.856769511;0;0;24
353;8.459782094;0;0;24
354;12.3141637;0;0;24
355;15.43088174;0;0;24
356;17.59980153;0;0;24
357;18.44493508;0;0;24
358;20.85135773;0;0;24
359;22.87659404;0;0;24
360;24.9851132;0;0;24
361;0;1;0;25
362;2.985119499;1;0;25
363;5.626833771;1;0;25
364;5.731121008;1;0;25
365;9.255369962;1;0;25
366;9.707977879;1;1;25
367;10.36838336;1;0;25
368;12.1602941;1;0;25
369;13.1507415;1;1;25
370;15.58243866;1;1;25
371;16.03655885;1;0;25
372;16.09807287;1;1;25
373;17.43434416;1;0;25
374;24.44633512;1;1;25
375;24.58375452;1;0;25
376;0;0;0;26
377;3.413504927;0;0;26
378;3.595426091;0;1;26
379;4.076758231;0;0;26
380;4.820398672;0;1;26
381;7.702988858;0;1;26
382;8.083624829;0;0;26
383;10.47289742;0;0;26
384;12.8767952;0;1;26
385;15.54755738;0;1;26
386;16.71928794;0;1;26
387;20.881383;0;1;26
388;22.41846707;0;1;26
389;24.18673736;0;1;26
390;24.64885413;0;1;26
391;0;1;0;27
392;0.444145297;1;0;27
393;4.834466998;1;1;27
394;5.221908714;1;1;27
395;8.570220042;1;1;27
396;9.082513588;1;1;27
397;10.16519666;1;1;27
398;10.54612375;1;1;27
399;11.37770127;1;1;27
400;12.07919173;1;1;27
401;13.34412184;1;1;27
402;19.36478855;1;1;27
403;19.59866197;1;1;27
404;21.66208287;1;1;27
405;24.0960833;1;1;27
406;0;0;0;28
407;2.37406033;0;0;28
408;4.632411047;0;0;28
409;5.262176978;0;0;28
410;7.055460435;0;0;28
411;7.407554385;0;0;28
412;7.719670818;0;0;28
413;9.317734861;0;0;28
414;13.44192958;0;0;28
415;14.62250234;0;0;28
416;19.02059063;0;0;28
417;19.22984778;0;0;28
418;22.84988624;0;0;28
419;24.28356126;0;0;28
420;24.42747491;0;0;28
421;0;1;0;29
422;2.526462352;1;0;29
423;2.635443653;1;0;29
424;2.947846032;1;0;29
425;3.426686785;1;0;29
426;5.989865726;1;1;29
427;6.76362181;1;0;29
428;9.886221477;1;0;29
429;11.2450621;1;1;29
430;14.40754594;1;1;29
431;18.14957567;1;0;29
432;19.64219586;1;1;29
433;22.63273954;1;1;29
434;24.65135743;1;1;29
435;24.7809139;1;1;29
436;0;0;0;30
437;0.699814298;0;0;30
438;2.062568645;0;0;30
439;4.800582968;0;1;30
440;5.379302066;0;0;30
441;6.901241816;0;1;30
442;7.923731202;0;1;30
443;8.043138444;0;1;30
444;8.482814505;0;1;30
445;11.9614096;0;1;30
446;12.4487234;0;1;30
447;17.01968878;0;1;30
448;17.66254753;0;1;30
449;20.78921495;0;1;30
450;23.7655316;0;1;30
451;0;1;0;31
452;4.011877312;1;0;31
453;7.572622882;1;1;31
454;8.048434393;1;1;31
455;8.238685335;1;1;31
456;9.705116594;1;1;31
457;13.6864867;1;1;31
458;14.09111709;1;1;31
459;14.90658862;1;1;31
460;15.65642369;1;1;31
461;16.10600551;1;1;31
462;21.56379744;1;1;31
463;22.27785781;1;1;31
464;23.82753034;1;1;31
465;24.91543047;1;1;31
466;0;0;1;32
467;2.486145584;0;0;32
468;2.704463236;0;0;32
469;3.677102714;0;0;32
470;4.029144067;0;0;32
471;4.138022778;0;0;32
472;5.870491895;0;0;32
473;7.074821769;0;0;32
474;12.17581425;0;1;32
475;14.5968084;0;1;32
476;15.31679913;0;1;32
477;17.71435343;0;1;32
478;18.29269147;0;0;32
479;19.00998841;0;1;32
480;21.66169408;0;1;32
481;0;1;1;33
482;1.454794907;1;0;33
483;3.118552215;1;0;33
484;3.872793145;1;1;33
485;5.915493553;1;0;33
486;6.01326754;1;0;33
487;8.745044819;1;0;33
488;8.951424086;1;0;33
489;10.9032499;1;0;33
490;13.09556504;1;0;33
491;16.83331204;1;0;33
492;18.68790805;1;0;33
493;20.2956854;1;0;33
494;22.25194783;1;0;33
495;24.36814521;1;0;33
496;0;1;0;34
497;2.347915177;1;0;34
498;4.132452031;1;0;34
499;5.75242301;1;0;34
500;6.769450486;1;0;34
501;7.071309991;1;0;34
502;10.68570702;1;0;34
503;11.11318492;1;0;34
504;11.60041567;1;1;34
505;14.62341393;1;0;34
506;16.55963766;1;0;34
507;17.28019579;1;0;34
508;18.89718149;1;1;34
509;20.25995165;1;1;34
510;20.55075178;1;1;34
511;0;1;0;35
512;0.011633727;1;0;35
513;2.894491621;1;0;35
514;3.192642197;1;0;35
515;5.379162205;1;1;35
516;5.431087851;1;0;35
517;7.694096857;1;1;35
518;10.7237149;1;1;35
519;15.67865461;1;1;35
520;16.95559644;1;1;35
521;17.19356714;1;1;35
522;17.62180614;1;1;35
523;20.34834303;1;1;35
524;20.86002445;1;1;35
525;23.31702698;1;1;35
526;0;1;1;36
527;1.238460891;1;0;36
528;1.762224443;1;0;36
529;1.999322808;1;0;36
530;2.173504198;1;0;36
531;6.327474851;1;1;36
532;7.177503267;1;0;36
533;8.840151899;1;0;36
534;9.161036124;1;0;36
535;11.49462983;1;1;36
536;17.15812367;1;1;36
537;17.53962796;1;1;36
538;19.67318382;1;1;36
539;24.28595167;1;1;36
540;24.8236004;1;1;36
541;0;1;0;37
542;2.063279541;1;0;37
543;4.29358515;1;0;37
544;4.450345365;1;0;37
545;8.533032099;1;0;37
546;9.136356739;1;0;37
547;9.891515999;1;0;37
548;11.36904078;1;0;37
549;11.61784435;1;0;37
550;12.5987178;1;0;37
551;13.40134302;1;0;37
552;18.39748376;1;0;37
553;19.25511899;1;0;37
554;21.50267115;1;0;37
555;23.62587759;1;0;37
556;0;0;0;38
557;0.638167461;0;1;38
558;0.934249122;0;0;38
559;1.566249959;0;0;38
560;7.528563112;0;1;38
561;7.572190615;0;1;38
562;7.802819798;0;1;38
563;9.1167757;0;1;38
564;12.97012308;0;1;38
565;16.97533539;0;1;38
566;17.19018954;0;1;38
567;20.37703738;0;1;38
568;22.58083901;0;1;38
569;23.47846002;0;1;38
570;24.72695677;0;1;38
571;0;0;0;39
572;0.987479946;0;0;39
573;2.29111737;0;0;39
574;6.86363409;0;1;39
575;6.921376812;0;1;39
576;8.717987343;0;1;39
577;11.17592487;0;1;39
578;13.38853479;0;1;39
579;18.47579214;0;1;39
580;18.82775249;0;1;39
581;20.0237053;0;1;39
582;20.41195347;0;1;39
583;20.73127059;0;1;39
584;20.80269436;0;1;39
585;24.10381425;0;1;39
586;0;1;0;40
587;0.404012023;1;0;40
588;2.036664;1;0;40
589;5.123467575;1;1;40
590;8.189934975;1;1;40
591;9.629340115;1;1;40
592;12.74607248;1;0;40
593;13.24285229;1;0;40
594;13.24731146;1;0;40
595;14.23456657;1;0;40
596;14.67396642;1;0;40
597;16.64337856;1;1;40
598;20.05595543;1;1;40
599;21.35911866;1;1;40
600;22.20137976;1;1;40
601;0;0;0;41
602;1.192749623;0;0;41
603;5.027015402;0;0;41
604;9.881344036;0;1;41
605;10.58659127;0;1;41
606;13.67558544;0;1;41
607;13.83284969;0;1;41
608;14.68653418;0;0;41
609;16.25653751;0;1;41
610;16.34416706;0;1;41
611;19.23213847;0;1;41
612;20.30762071;0;1;41
613;22.12831629;0;1;41
614;22.65120279;0;1;41
615;23.23376706;0;1;41
616;0;1;0;42
617;0.459102093;1;0;42
618;3.783454286;1;0;42
619;7.045291743;1;0;42
620;9.197398694;1;0;42
621;10.3326352;1;0;42
622;12.25158633;1;0;42
623;14.16835207;1;0;42
624;16.66762895;1;0;42
625;17.72594759;1;0;42
626;20.3213172;1;0;42
627;21.35249944;1;0;42
628;21.84874782;1;0;42
629;21.96685053;1;1;42
630;23.73963307;1;1;42
631;0;0;0;43
632;0.799290702;0;0;43
633;1.519555622;0;0;43
634;2.209082525;0;0;43
635;3.005928214;0;0;43
636;5.930742435;0;0;43
637;8.437374933;0;1;43
638;12.70926574;0;1;43
639;13.16475199;0;1;43
640;14.56849342;0;1;43
641;17.16225878;0;1;43
642;22.01910287;0;1;43
643;22.35836564;0;1;43
644;24.22597159;0;1;43
645;24.43458942;0;1;43
646;0;1;1;44
647;0.549842883;1;0;44
648;2.415843576;1;0;44
649;3.657051449;1;0;44
650;4.349595419;1;0;44
651;5.645460583;1;0;44
652;7.962364703;1;1;44
653;8.274945716;1;0;44
654;9.354234696;1;0;44
655;14.59847114;1;0;44
656;15.74363559;1;0;44
657;19.54557663;1;0;44
658;20.03573959;1;1;44
659;20.56793479;1;0;44
660;24.82611951;1;0;44
661;0;0;0;45
662;1.052701217;0;0;45
663;1.103676698;0;0;45
664;6.843781745;0;1;45
665;7.611944765;0;0;45
666;9.060042811;0;1;45
667;9.110277041;0;1;45
668;9.420410421;0;1;45
669;18.87163634;0;1;45
670;19.38518978;0;1;45
671;21.26168702;0;1;45
672;21.63752035;0;1;45
673;22.29740307;0;1;45
674;22.58502212;0;1;45
675;24.48009325;0;1;45
676;0;1;0;46
677;2.601965901;1;0;46
678;5.499579443;1;0;46
679;9.629789833;1;0;46
680;10.44442754;1;0;46
681;11.44803903;1;0;46
682;14.84596233;1;0;46
683;18.24079161;1;0;46
684;18.80093853;1;0;46
685;18.97838349;1;0;46
686;19.97058894;1;0;46
687;20.47388458;1;0;46
688;21.12086561;1;0;46
689;22.21021626;1;0;46
690;23.84878119;1;0;46
691;0;0;0;47
692;1.409555634;0;1;47
693;2.134461433;0;0;47
694;2.258052106;0;0;47
695;7.51294028;0;0;47
696;11.89376264;0;0;47
697;14.17798665;0;1;47
698;15.36405393;0;1;47
699;15.64359093;0;1;47
700;18.41550865;0;1;47
701;18.64090543;0;1;47
702;18.82330145;0;1;47
703;21.43618561;0;1;47
704;22.72866261;0;1;47
705;22.92642833;0;1;47
706;0;1;0;48
707;0.50185023;1;0;48
708;1.87391878;1;1;48
709;2.933280682;1;1;48
710;3.929195629;1;0;48
711;4.337943654;1;1;48
712;5.881721451;1;1;48
713;8.763619326;1;1;48
714;12.5727076;1;1;48
715;13.03284616;1;1;48
716;16.17643375;1;1;48
717;17.81716387;1;1;48
718;20.1608791;1;1;48
719;21.13890307;1;1;48
720;23.39115368;1;1;48
721;0;0;0;49
722;2.156947332;0;0;49
723;5.049880221;0;0;49
724;7.075058651;0;1;49
725;10.51087253;0;1;49
726;11.20357785;0;1;49
727;11.48561679;0;1;49
728;13.76541805;0;1;49
729;14.6819531;0;1;49
730;17.86887026;0;1;49
731;18.34369396;0;1;49
732;20.16736074;0;1;49
733;20.78054947;0;1;49
734;22.16415302;0;1;49
735;23.81611435;0;1;49
736;0;0;0;50
737;0.994515925;0;1;50
738;2.407527767;0;1;50
739;3.502588748;0;1;50
740;4.125647305;0;0;50
741;4.267456383;0;1;50
742;6.345519912;0;1;50
743;7.092794421;0;1;50
744;8.894039143;0;1;50
745;10.71532728;0;1;50
746;11.981789;0;1;50
747;13.05839415;0;1;50
748;13.48902285;0;1;50
749;14.57576488;0;1;50
750;15.87001274;0;1;50
751;0;0;0;51
752;0.578612305;0;1;51
753;4.646825377;0;0;51
754;6.503311842;0;0;51
755;8.36469903;0;0;51
756;9.41111233;0;0;51
757;10.72351478;0;0;51
758;13.02105878;0;0;51
759;13.66065647;0;0;51
760;15.76933996;0;0;51
761;15.79472179;0;0;51
762;16.49053343;0;0;51
763;18.23402328;0;0;51
764;21.1233385;0;0;51
765;21.55998849;0;0;51
766;0;0;0;52
767;0.09210569;0;0;52
768;0.170837721;0;0;52
769;2.697172004;0;0;52
770;9.611415392;0;1;52
771;10.46672896;0;0;52
772;12.17057183;0;1;52
773;15.19669903;0;1;52
774;15.31949122;0;0;52
775;17.94711367;0;1;52
776;18.56347831;0;1;52
777;18.90508378;0;1;52
778;21.18103245;0;1;52
779;21.79997059;0;1;52
780;24.873411;0;1;52
781;0;1;0;53
782;0.02979071;1;0;53
783;0.571367086;1;0;53
784;3.708809795;1;0;53
785;4.305627401;1;1;53
786;7.895319728;1;1;53
787;8.059638797;1;1;53
788;10.42286374;1;1;53
789;16.18367539;1;1;53
790;19.83060419;1;1;53
791;20.10640698;1;1;53
792;21.87205969;1;1;53
793;23.11197467;1;1;53
794;24.72408528;1;1;53
795;24.80426548;1;1;53
796;0;0;0;54
797;1.23410743;0;0;54
798;1.723314921;0;0;54
799;1.7907514;0;0;54
800;3.985887003;0;0;54
801;6.235164631;0;0;54
802;6.944232935;0;0;54
803;8.033211087;0;0;54
804;12.24592629;0;0;54
805;13.19822501;0;0;54
806;13.93593958;0;0;54
807;14.93383707;0;0;54
808;17.37551743;0;0;54
809;19.88555051;0;0;54
810;23.71578768;0;0;54
811;0;1;0;55
812;0.917608995;1;1;55
813;3.603807878;1;1;55
814;3.642719064;1;1;55
815;5.093595339;1;1;55
816;5.908497225;1;1;55
817;10.30707782;1;1;55
818;12.05644779;1;1;55
819;12.35730905;1;1;55
820;12.84452848;1;1;55
821;14.23381722;1;1;55
822;14.38589175;1;1;55
823;16.33569551;1;1;55
824;17.07525706;1;1;55
825;22.20928963;1;1;55
826;0;1;0;56
827;0.386941724;1;0;56
828;3.20161049;1;0;56
829;6.26946335;1;0;56
830;6.470030034;1;0;56
831;8.28867479;1;0;56
832;10.18173225;1;0;56
833;15.88418942;1;0;56
834;16.36001916;1;0;56
835;16.89725003;1;0;56
836;20.18747773;1;0;56
837;20.21530112;1;0;56
838;20.32782831;1;0;56
839;20.4866785;1;0;56
840;22.89965833;1;0;56
841;0;0;0;57
842;0.46920543;0;0;57
843;2.592789172;0;0;57
844;5.085427541;0;1;57
845;5.48556365;0;1;57
846;7.014129369;0;1;57
847;7.078317431;0;0;57
848;10.19076644;0;1;57
849;11.53422317;0;0;57
850;12.2356951;0;1;57
851;13.56329034;0;1;57
852;20.0287184;0;1;57
853;20.29298961;0;1;57
854;22.88181564;0;1;57
855;23.34241301;0;1;57
856;0;1;0;58
857;1.174842013;1;1;58
858;1.235389919;1;0;58
859;3.031801357;1;0;58
860;6.481121026;1;1;58
861;6.569907605;1;1;58
862;9.036655515;1;0;58
863;9.146136831;1;1;58
864;11.76704584;1;0;58
865;11.94555074;1;1;58
866;12.21238706;1;1;58
867;16.69100578;1;1;58
868;17.37763111;1;1;58
869;18.71982203;1;1;58
870;24.2160292;1;1;58
871;0;0;1;59
872;1.896428259;0;0;59
873;3.152069636;0;0;59
874;3.480091033;0;0;59
875;7.375231781;0;1;59
876;7.781770226;0;1;59
877;9.081539168;0;0;59
878;14.04189022;0;0;59
879;14.74754059;0;0;59
880;15.13967104;0;1;59
881;17.218028;0;1;59
882;18.58012288;0;1;59
883;19.38243074;0;1;59
884;22.10334018;0;1;59
885;24.77585797;0;1;59
886;0;0;0;60
887;0.102673512;0;0;60
888;1.338423364;0;1;60
889;2.430986392;0;0;60
890;7.233803626;0;1;60
891;8.488887851;0;0;60
892;11.27922266;0;0;60
893;11.57438028;0;1;60
894;14.30184302;0;1;60
895;16.43052651;0;1;60
896;16.66264293;0;1;60
897;17.59532375;0;0;60
898;18.02100875;0;1;60
899;18.34880372;0;1;60
900;19.29773706;0;1;60
901;0;1;0;61
902;0.229498645;1;0;61
903;2.998222021;1;0;61
904;3.251114883;1;0;61
905;5.905873398;1;0;61
906;6.568906945;1;0;61
907;8.155828668;1;0;61
908;13.75647616;1;1;61
909;15.31808671;1;1;61
910;17.87833819;1;1;61
911;18.15997221;1;1;61
912;18.40835073;1;1;61
913;22.45902078;1;1;61
914;24.06053303;1;1;61
915;24.79363088;1;1;61
916;0;1;0;62
917;1.05901697;1;0;62
918;1.878629415;1;0;62
919;2.856356755;1;0;62
920;3.004537191;1;0;62
921;3.932382166;1;0;62
922;6.770385813;1;0;62
923;10.61130238;1;0;62
924;10.9011918;1;0;62
925;11.71547906;1;0;62
926;12.61099527;1;0;62
927;15.44815308;1;0;62
928;16.18605359;1;0;62
929;22.22553732;1;0;62
930;23.72063127;1;0;62
931;0;1;0;63
932;0.326025742;1;0;63
933;2.682366373;1;0;63
934;3.516154736;1;0;63
935;4.244226252;1;0;63
936;12.69207158;1;0;63
937;13.18487352;1;0;63
938;13.70080719;1;0;63
939;15.79625438;1;0;63
940;16.8388747;1;0;63
941;17.32997253;1;0;63
942;19.04963308;1;0;63
943;21.52473394;1;0;63
944;22.2928433;1;0;63
945;23.0266301;1;0;63
946;0;1;0;64
947;3.714842815;1;0;64
948;5.572032923;1;0;64
949;6.485666754;1;0;64
950;7.443076954;1;0;64
951;10.51958439;1;0;64
952;13.66306986;1;0;64
953;14.14135859;1;0;64
954;16.74008865;1;0;64
955;16.88405953;1;0;64
956;18.63354606;1;0;64
957;18.91625332;1;0;64
958;18.97917005;1;0;64
959;20.28659144;1;0;64
960;23.56497155;1;0;64
961;0;1;0;65
962;0.501711655;1;0;65
963;1.27200284;1;0;65
964;1.78579624;1;0;65
965;9.522592503;1;0;65
966;12.78286491;1;0;65
967;13.56495926;1;0;65
968;14.58907158;1;0;65
969;16.70809109;1;1;65
970;19.06876473;1;1;65
971;19.94757343;1;1;65
972;20.5118628;1;1;65
973;21.309115;1;0;65
974;22.5840572;1;1;65
975;23.09248033;1;1;65
976;0;0;0;66
977;0.097408576;0;0;66
978;1.047987462;0;0;66
979;1.304965396;0;0;66
980;7.846064301;0;1;66
981;7.988830737;0;1;66
982;9.093567368;0;1;66
983;9.598416789;0;1;66
984;13.28523339;0;1;66
985;14.40612922;0;1;66
986;14.77984393;0;1;66
987;20.20965638;0;1;66
988;21.41492417;0;1;66
989;21.66400449;0;1;66
990;23.98664459;0;1;66
991;0;0;0;67
992;3.431090439;0;0;67
993;3.96720994;0;1;67
994;5.102397082;0;1;67
995;8.700376318;0;1;67
996;13.14935685;0;1;67
997;13.86704574;0;1;67
998;14.90907402;0;1;67
999;17.11216182;0;1;67
1000;17.44866446;0;1;67
1001;19.26557404;0;1;67
1002;19.62328891;0;1;67
1003;21.82878419;0;1;67
1004;22.17156429;0;1;67
1005;23.94174356;0;1;67
1006;0;1;0;68
1007;0.592216081;1;0;68
1008;2.323145512;1;0;68
1009;3.896853764;1;0;68
1010;4.045230255;1;0;68
1011;7.601311727;1;0;68
1012;8.545361104;1;1;68
1013;9.729258076;1;0;68
1014;10.13541238;1;0;68
1015;10.38143633;1;0;68
1016;10.438874;1;1;68
1017;12.25560496;1;1;68
1018;14.00701344;1;1;68
1019;21.74265176;1;1;68
1020;24.39724234;1;1;68
1021;0;0;1;69
1022;1.099165634;0;1;69
1023;1.531565358;0;1;69
1024;3.499448276;0;1;69
1025;9.303943568;0;1;69
1026;10.24864821;0;1;69
1027;10.64762835;0;1;69
1028;11.23999777;0;1;69
1029;12.70395212;0;1;69
1030;14.23608187;0;1;69
1031;15.58153459;0;1;69
1032;16.13568789;0;1;69
1033;22.69866002;0;1;69
1034;23.9144941;0;1;69
1035;24.06538354;0;1;69
1036;0;1;0;70
1037;0.174961361;1;0;70
1038;1.150663715;1;0;70
1039;2.920690563;1;0;70
1040;6.735211186;1;0;70
1041;7.071260363;1;0;70
1042;8.7904418;1;0;70
1043;10.47614312;1;0;70
1044;11.95923617;1;0;70
1045;13.70701435;1;0;70
1046;16.08053899;1;0;70
1047;19.05070831;1;0;70
1048;19.54922287;1;0;70
1049;20.49611669;1;1;70
1050;23.70297094;1;0;70
1051;0;1;0;71
1052;2.180482546;1;0;71
1053;3.446459142;1;1;71
1054;3.83137195;1;1;71
1055;4.782804672;1;0;71
1056;5.594500026;1;0;71
1057;10.00422946;1;0;71
1058;10.82962852;1;0;71
1059;11.44691993;1;0;71
1060;14.30371699;1;1;71
1061;15.67776751;1;1;71
1062;17.79231448;1;1;71
1063;18.93322898;1;1;71
1064;22.55454446;1;1;71
1065;22.99620144;1;1;71
1066;0;0;0;72
1067;2.720601828;0;0;72
1068;4.004620336;0;0;72
1069;6.840568356;0;0;72
1070;7.385002013;0;0;72
1071;9.787468793;0;0;72
1072;11.94717031;0;0;72
1073;14.13663452;0;0;72
1074;14.84667332;0;0;72
1075;16.05284549;0;0;72
1076;17.73949637;0;0;72
1077;19.34230306;0;0;72
1078;20.74059697;0;0;72
1079;21.19347894;0;0;72
1080;21.33575597;0;0;72
1081;0;1;0;73
1082;0.479775766;1;0;73
1083;1.640702796;1;1;73
1084;4.628507968;1;0;73
1085;6.980595266;1;0;73
1086;8.523359254;1;0;73
1087;11.01332812;1;1;73
1088;11.53041426;1;1;73
1089;11.55247145;1;1;73
1090;11.71080297;1;1;73
1091;12.67494317;1;1;73
1092;13.99162698;1;1;73
1093;16.03656598;1;1;73
1094;19.34215099;1;1;73
1095;19.81845854;1;1;73
1096;0;1;0;74
1097;3.257203422;1;1;74
1098;5.780772108;1;0;74
1099;6.720086245;1;0;74
1100;7.964077347;1;0;74
1101;9.868974646;1;0;74
1102;11.18925353;1;0;74
1103;11.38722395;1;0;74
1104;13.58082245;1;0;74
1105;13.69985708;1;1;74
1106;13.87943012;1;0;74
1107;14.53618346;1;0;74
1108;14.63913941;1;0;74
1109;15.54314957;1;0;74
1110;20.28093374;1;0;74
1111;0;0;1;75
1112;0.3277054;0;0;75
1113;1.896520867;0;0;75
1114;3.731105343;0;0;75
1115;6.06142694;0;0;75
1116;9.782377281;0;1;75
1117;10.67213941;0;0;75
1118;11.19325246;0;1;75
1119;11.42216889;0;1;75
1120;13.03160657;0;1;75
1121;13.98864673;0;1;75
1122;17.98968207;0;1;75
1123;20.83236929;0;1;75
1124;21.68748672;0;1;75
1125;24.81539184;0;1;75
1126;0;0;1;76
1127;4.326075967;0;0;76
1128;6.085881061;0;0;76
1129;6.910997094;0;0;76
1130;7.206655119;0;0;76
1131;7.65778147;0;0;76
1132;9.247681918;0;0;76
1133;13.48526832;0;0;76
1134;13.8828398;0;0;76
1135;16.47994815;0;0;76
1136;17.72138471;0;1;76
1137;17.89452396;0;0;76
1138;18.18834083;0;1;76
1139;20.66788726;0;1;76
1140;22.29740674;0;1;76
1141;0;1;0;77
1142;0.748495635;1;0;77
1143;1.943038858;1;0;77
1144;3.396634909;1;0;77
1145;6.785225117;1;1;77
1146;13.77306823;1;0;77
1147;14.04907897;1;0;77
1148;15.72319402;1;0;77
1149;16.00371216;1;0;77
1150;17.82875472;1;0;77
1151;19.71023454;1;0;77
1152;20.01190935;1;0;77
1153;21.22285211;1;0;77
1154;21.95104437;1;0;77
1155;24.35409235;1;0;77
1156;0;1;0;78
1157;0.733415375;1;0;78
1158;1.975142042;1;0;78
1159;2.889561426;1;0;78
1160;4.298420809;1;0;78
1161;6.797255127;1;0;78
1162;7.991052984;1;0;78
1163;8.885866776;1;0;78
1164;9.808281349;1;0;78
1165;10.33887661;1;0;78
1166;10.49660537;1;0;78
1167;12.00316091;1;1;78
1168;18.98339242;1;1;78
1169;20.15619851;1;0;78
1170;20.17138245;1;1;78
1171;0;1;0;79
1172;2.883435239;1;0;79
1173;3.235407238;1;0;79
1174;4.997794359;1;0;79
1175;5.426199368;1;0;79
1176;7.217252714;1;0;79
1177;13.23514391;1;0;79
1178;15.61382468;1;1;79
1179;18.19406776;1;0;79
1180;18.46871355;1;0;79
1181;18.60596263;1;0;79
1182;18.92746334;1;1;79
1183;20.02294622;1;0;79
1184;21.66634271;1;0;79
1185;24.81138271;1;0;79
1186;0;0;1;80
1187;1.807164523;0;0;80
1188;6.107706239;0;1;80
1189;6.612127915;0;1;80
1190;7.478069392;0;1;80
1191;9.780719585;0;1;80
1192;10.54525329;0;1;80
1193;11.98860195;0;1;80
1194;14.21421885;0;1;80
1195;14.96596367;0;1;80
1196;16.51330753;0;1;80
1197;20.65828947;0;1;80
1198;23.44080831;0;1;80
1199;23.44425442;0;1;80
1200;23.76810246;0;1;80
1201;0;0;1;81
1202;1.450767444;0;1;81
1203;2.944259014;0;1;81
1204;3.459753183;0;0;81
1205;4.820140672;0;1;81
1206;5.054614192;0;0;81
1207;7.837947388;0;0;81
1208;13.50640457;0;1;81
1209;14.11986204;0;1;81
1210;14.19370934;0;1;81
1211;14.2084503;0;1;81
1212;17.5744876;0;1;81
1213;17.96529363;0;1;81
1214;20.49206296;0;1;81
1215;23.27749103;0;1;81
1216;0;0;0;82
1217;1.815798139;0;1;82
1218;5.429594574;0;1;82
1219;6.491151784;0;0;82
1220;7.200257032;0;1;82
1221;9.535564919;0;1;82
1222;10.13409712;0;1;82
1223;10.14063167;0;1;82
1224;13.29208318;0;1;82
1225;15.64170789;0;1;82
1226;15.7101201;0;1;82
1227;18.03273166;0;1;82
1228;18.81110534;0;1;82
1229;20.79475794;0;1;82
1230;23.84396562;0;1;82
1231;0;1;0;83
1232;1.645208028;1;0;83
1233;3.472737299;1;0;83
1234;5.184137495;1;0;83
1235;5.249951466;1;0;83
1236;8.205966605;1;0;83
1237;9.299468651;1;0;83
1238;9.396085917;1;0;83
1239;12.76028253;1;0;83
1240;13.2191349;1;0;83
1241;14.97789918;1;0;83
1242;18.7401774;1;0;83
1243;21.35924809;1;0;83
1244;22.86642926;1;0;83
1245;22.97386863;1;0;83
1246;0;0;0;84
1247;1.811728743;0;0;84
1248;2.96725806;0;1;84
1249;3.735312389;0;1;84
1250;5.416553473;0;1;84
1251;6.037556252;0;1;84
1252;7.173940481;0;1;84
1253;10.04534636;0;1;84
1254;10.26285976;0;1;84
1255;11.48102043;0;1;84
1256;13.6999718;0;1;84
1257;16.21390872;0;1;84
1258;17.27474625;0;1;84
1259;22.90764349;0;1;84
1260;24.31080023;0;1;84
1261;0;0;0;85
1262;0.061970257;0;1;85
1263;2.350034815;0;0;85
1264;3.374909959;0;0;85
1265;5.263080995;0;1;85
1266;9.687456442;0;1;85
1267;9.931150131;0;1;85
1268;14.85682428;0;1;85
1269;15.87241013;0;1;85
1270;16.97557024;0;1;85
1271;17.32284167;0;1;85
1272;18.00126145;0;1;85
1273;19.71179823;0;1;85
1274;19.99242789;0;1;85
1275;21.65472826;0;1;85
1276;0;0;0;86
1277;0.652443041;0;0;86
1278;2.745039837;0;0;86
1279;3.096441284;0;1;86
1280;4.879285797;0;0;86
1281;9.629964823;0;0;86
1282;11.23528469;0;0;86
1283;12.22728746;0;0;86
1284;13.87695257;0;0;86
1285;17.95229522;0;0;86
1286;19.15416322;0;0;86
1287;21.46478518;0;0;86
1288;22.03086412;0;0;86
1289;22.18461887;0;0;86
1290;24.2137732;0;0;86
1291;0;0;0;87
1292;1.61877824;0;0;87
1293;1.974279439;0;0;87
1294;3.941569448;0;0;87
1295;6.391827925;0;1;87
1296;9.554479003;0;1;87
1297;10.41368363;0;1;87
1298;12.16763931;0;1;87
1299;12.69689178;0;1;87
1300;13.55470725;0;1;87
1301;19.63371546;0;1;87
1302;20.0545677;0;1;87
1303;20.34170911;0;1;87
1304;24.71772152;0;1;87
1305;24.97206623;0;1;87
1306;0;0;0;88
1307;0.11595377;0;0;88
1308;1.009519078;0;0;88
1309;2.792200161;0;1;88
1310;4.948090919;0;0;88
1311;5.65159262;0;1;88
1312;6.939002004;0;1;88
1313;8.641811856;0;0;88
1314;12.34040472;0;1;88
1315;13.05125618;0;1;88
1316;13.27339335;0;1;88
1317;21.47000848;0;1;88
1318;22.14937128;0;1;88
1319;23.65999426;0;1;88
1320;23.85637433;0;1;88
1321;0;0;0;89
1322;1.07793202;0;0;89
1323;1.962323254;0;0;89
1324;2.766969689;0;0;89
1325;6.242117519;0;0;89
1326;6.982095126;0;0;89
1327;7.779225451;0;0;89
1328;8.043602284;0;0;89
1329;8.130078577;0;0;89
1330;11.00604624;0;0;89
1331;14.71765692;0;0;89
1332;15.62263842;0;0;89
1333;17.5938453;0;0;89
1334;20.03363252;0;0;89
1335;23.47553097;0;0;89
1336;0;0;0;90
1337;0.028895494;0;0;90
1338;1.053200301;0;0;90
1339;2.064026514;0;1;90
1340;3.594452579;0;1;90
1341;4.767936387;0;1;90
1342;6.114267051;0;1;90
1343;12.76802688;0;1;90
1344;14.19315414;0;1;90
1345;14.26782983;0;1;90
1346;14.43953199;0;1;90
1347;18.17716177;0;1;90
1348;20.66725126;0;1;90
1349;21.64917708;0;1;90
1350;24.53857894;0;1;90
1351;0;0;0;91
1352;0.650267763;0;0;91
1353;0.793933019;0;0;91
1354;1.639017713;0;0;91
1355;2.19736537;0;0;91
1356;3.660588607;0;0;91
1357;6.218159111;0;1;91
1358;11.34265979;0;0;91
1359;14.15456012;0;1;91
1360;15.37384884;0;1;91
1361;15.54517656;0;0;91
1362;17.57682435;0;1;91
1363;18.1306988;0;1;91
1364;23.43318413;0;1;91
1365;24.32008773;0;0;91
1366;0;0;0;92
1367;5.052186386;0;1;92
1368;6.89747532;0;1;92
1369;7.775710145;0;1;92
1370;9.804912115;0;1;92
1371;13.73199485;0;1;92
1372;13.86407949;0;1;92
1373;14.06292022;0;1;92
1374;15.17075377;0;1;92
1375;15.57822905;0;1;92
1376;18.38896009;0;1;92
1377;18.44130518;0;1;92
1378;18.90245035;0;1;92
1379;21.31950974;0;1;92
1380;21.81827616;0;1;92
1381;0;1;0;93
1382;0.657020957;1;0;93
1383;5.076001247;1;0;93
1384;7.583129272;1;0;93
1385;8.653176099;1;0;93
1386;9.262355376;1;0;93
1387;12.15318071;1;0;93
1388;12.87414087;1;0;93
1389;13.15681423;1;0;93
1390;14.22622106;1;0;93
1391;18.33621387;1;1;93
1392;19.26492617;1;1;93
1393;20.39419869;1;0;93
1394;20.97264996;1;1;93
1395;21.20269201;1;0;93
1396;0;1;0;94
1397;1.835359936;1;0;94
1398;2.490548405;1;0;94
1399;2.69022077;1;0;94
1400;3.412557481;1;0;94
1401;5.094647629;1;0;94
1402;5.921814888;1;0;94
1403;9.149503458;1;0;94
1404;13.56702582;1;0;94
1405;13.87784517;1;0;94
1406;17.11521741;1;0;94
1407;17.62194626;1;0;94
1408;18.21661345;1;0;94
1409;20.91650292;1;0;94
1410;21.15489394;1;0;94
1411;0;1;0;95
1412;0.306365604;1;0;95
1413;0.847538019;1;0;95
1414;6.377642084;1;0;95
1415;8.44382018;1;0;95
1416;8.927660447;1;0;95
1417;9.609463066;1;0;95
1418;12.21683838;1;0;95
1419;12.26940578;1;0;95
1420;13.70108315;1;0;95
1421;16.03683002;1;0;95
1422;19.47672172;1;0;95
1423;20.1527369;1;0;95
1424;22.90714645;1;0;95
1425;24.38412533;1;0;95
1426;0;1;1;96
1427;4.259224515;1;0;96
1428;6.226171367;1;0;96
1429;7.555881538;1;0;96
1430;8.008802956;1;0;96
1431;9.608563362;1;0;96
1432;10.95686344;1;0;96
1433;11.41295455;1;0;96
1434;12.81437429;1;0;96
1435;13.36897617;1;0;96
1436;14.53582894;1;0;96
1437;15.43361021;1;0;96
1438;17.87701242;1;0;96
1439;18.69466372;1;0;96
1440;21.0978677;1;0;96
1441;0;1;0;97
1442;0.121043489;1;0;97
1443;0.620427594;1;0;97
1444;0.622456736;1;0;97
1445;2.303236298;1;0;97
1446;3.28445636;1;0;97
1447;4.916419031;1;0;97
1448;7.277073932;1;0;97
1449;11.8889556;1;1;97
1450;13.40899827;1;0;97
1451;14.93629667;1;1;97
1452;16.25472716;1;1;97
1453;16.36566862;1;1;97
1454;20.36684871;1;1;97
1455;23.88309254;1;1;97
1456;0;1;0;98
1457;3.719449427;1;1;98
1458;3.96791175;1;1;98
1459;3.985533421;1;1;98
1460;4.476488993;1;1;98
1461;4.597548471;1;0;98
1462;5.837388127;1;1;98
1463;6.101480703;1;1;98
1464;7.471399801;1;1;98
1465;8.480537625;1;1;98
1466;10.91491324;1;1;98
1467;12.22019095;1;1;98
1468;14.6391776;1;1;98
1469;16.22206199;1;1;98
1470;20.92444777;1;1;98
1471;0;1;0;99
1472;0.470803975;1;0;99
1473;1.895071461;1;0;99
1474;4.705545894;1;0;99
1475;8.868240513;1;0;99
1476;9.349552845;1;0;99
1477;10.13853805;1;0;99
1478;11.5893441;1;0;99
1479;15.30937431;1;0;99
1480;15.33899046;1;0;99
1481;17.14178336;1;0;99
1482;20.58814;1;0;99
1483;22.06057572;1;0;99
1484;22.08227979;1;0;99
1485;23.82102511;1;0;99
1486;0;1;0;100
1487;1.331485913;1;0;100
1488;1.520951407;1;1;100
1489;5.37666867;1;1;100
1490;5.872490018;1;1;100
1491;5.929947959;1;1;100
1492;9.432748548;1;1;100
1493;10.88717001;1;1;100
1494;11.52960061;1;1;100
1495;11.6500916;1;1;100
1496;16.57417438;1;1;100
1497;16.95494319;1;1;100
1498;20.04629679;1;1;100
1499;21.73830729;1;1;100
1500;24.82538782;1;1;100
1501;0;1;0;101
1502;1.543156849;1;0;101
1503;2.154304809;1;0;101
1504;4.024162533;1;0;101
1505;5.766340019;1;0;101
1506;5.830993439;1;1;101
1507;6.103127217;1;0;101
1508;12.42796523;1;1;101
1509;13.68256694;1;1;101
1510;15.34602359;1;1;101
1511;18.0599717;1;1;101
1512;18.95463847;1;1;101
1513;23.05011512;1;1;101
1514;23.69706462;1;1;101
1515;23.70167241;1;1;101
1516;0;0;0;102
1517;2.483658248;0;0;102
1518;4.573517304;0;0;102
1519;7.812059065;0;0;102
1520;8.407455054;0;0;102
1521;10.39306629;0;0;102
1522;11.56747104;0;0;102
1523;11.63623408;0;0;102
1524;14.51321234;0;0;102
1525;14.73814126;0;0;102
1526;18.25458905;0;0;102
1527;19.31985997;0;0;102
1528;21.39191728;0;0;102
1529;23.31431963;0;0;102
1530;24.60209644;0;0;102
1531;0;1;0;103
1532;3.719539585;1;0;103
1533;7.508854294;1;0;103
1534;9.539742378;1;0;103
1535;9.673142404;1;1;103
1536;10.88496909;1;0;103
1537;12.90815184;1;1;103
1538;15.31914757;1;1;103
1539;16.13789035;1;1;103
1540;16.41581677;1;1;103
1541;19.94931578;1;1;103
1542;20.0127678;1;1;103
1543;21.54168636;1;1;103
1544;21.74301789;1;1;103
1545;23.13182165;1;1;103
1546;0;1;0;104
1547;1.049170474;1;0;104
1548;1.57734353;1;0;104
1549;2.912323421;1;0;104
1550;6.756077509;1;0;104
1551;11.06204833;1;0;104
1552;12.45897482;1;0;104
1553;12.51679248;1;0;104
1554;14.37801546;1;0;104
1555;14.97005373;1;0;104
1556;17.8394453;1;0;104
1557;18.39594066;1;0;104
1558;18.48770554;1;0;104
1559;18.84749449;1;0;104
1560;19.95329968;1;0;104
1561;0;1;1;105
1562;0.649219437;1;1;105
1563;2.970964269;1;0;105
1564;3.440699697;1;0;105
1565;4.747943085;1;1;105
1566;5.795594916;1;0;105
1567;11.57403751;1;0;105
1568;11.94121555;1;0;105
1569;18.12139564;1;1;105
1570;18.69411461;1;0;105
1571;20.27223697;1;1;105
1572;20.95057995;1;1;105
1573;21.59455731;1;1;105
1574;22.97949663;1;1;105
1575;23.97375992;1;1;105
1576;0;1;0;106
1577;1.639372529;1;0;106
1578;2.802662295;1;0;106
1579;9.898289759;1;1;106
1580;11.53719612;1;1;106
1581;11.75006618;1;1;106
1582;17.50446528;1;1;106
1583;18.13248408;1;1;106
1584;18.32599983;1;1;106
1585;19.04110861;1;1;106
1586;20.3462631;1;1;106
1587;20.70518259;1;1;106
1588;20.97442548;1;1;106
1589;21.14839479;1;1;106
1590;24.98809944;1;1;106
1591;0;0;0;107
1592;0.288044079;0;0;107
1593;0.338265684;0;1;107
1594;1.20786312;0;1;107
1595;5.018989823;0;1;107
1596;7.866565266;0;1;107
1597;10.48283804;0;1;107
1598;14.55359743;0;1;107
1599;18.66969781;0;1;107
1600;19.14224168;0;1;107
1601;20.30029361;0;1;107
1602;20.76835156;0;1;107
1603;24.78048044;0;1;107
1604;24.78530486;0;1;107
1605;24.91114268;0;1;107
1606;0;1;0;108
1607;5.76537358;1;0;108
1608;10.65437632;1;0;108
1609;10.84078117;1;0;108
1610;10.93876822;1;0;108
1611;11.30213962;1;0;108
1612;11.40798902;1;0;108
1613;13.91580862;1;0;108
1614;14.61775224;1;0;108
1615;14.92135989;1;0;108
1616;16.15093051;1;0;108
1617;17.38723171;1;0;108
1618;23.45070654;1;0;108
1619;23.91521647;1;0;108
1620;24.70008263;1;0;108
1621;0;0;0;109
1622;0.338011881;0;0;109
1623;0.348538812;0;0;109
1624;0.519771222;0;0;109
1625;4.785651586;0;0;109
1626;5.569215066;0;0;109
1627;9.511199238;0;0;109
1628;10.49957339;0;0;109
1629;10.50425443;0;0;109
1630;10.55871069;0;0;109
1631;10.81810245;0;1;109
1632;17.63323204;0;0;109
1633;18.28007764;0;0;109
1634;18.28100233;0;0;109
1635;21.11075875;0;0;109
1636;0;0;0;110
1637;1.132832712;0;0;110
1638;5.49484464;0;0;110
1639;5.797318317;0;0;110
1640;6.250374735;0;0;110
1641;9.344175976;0;0;110
1642;10.27511758;0;0;110
1643;10.35600713;0;0;110
1644;10.46035941;0;0;110
1645;11.90861888;0;0;110
1646;16.09600005;0;0;110
1647;17.36918284;0;0;110
1648;20.83606632;0;0;110
1649;22.47811213;0;0;110
1650;23.29007912;0;0;110
1651;0;0;0;111
1652;1.191625075;0;0;111
1653;1.321391959;0;0;111
1654;2.212113934;0;1;111
1655;6.933359272;0;1;111
1656;8.277933236;0;1;111
1657;9.892234195;0;1;111
1658;10.64396459;0;0;111
1659;12.45950093;0;1;111
1660;13.82191177;0;1;111
1661;15.25296205;0;1;111
1662;16.90826322;0;1;111
1663;19.3382764;0;1;111
1664;24.24500301;0;1;111
1665;24.40115088;0;1;111
1666;0;1;0;112
1667;2.991479862;1;0;112
1668;4.174307408;1;0;112
1669;5.522744305;1;0;112
1670;7.115372689;1;0;112
1671;7.810128789;1;0;112
1672;7.962487271;1;0;112
1673;9.752367856;1;0;112
1674;9.758298227;1;0;112
1675;12.52684551;1;0;112
1676;17.06437636;1;0;112
1677;19.80014329;1;0;112
1678;20.42794326;1;0;112
1679;22.44024919;1;0;112
1680;24.75421401;1;0;112
1681;0;0;0;113
1682;0.627574144;0;0;113
1683;0.682092318;0;0;113
1684;0.740639429;0;0;113
1685;2.091422142;0;0;113
1686;2.342871967;0;0;113
1687;6.415670825;0;0;113
1688;6.914786593;0;0;113
1689;8.966507495;0;0;113
1690;10.84662077;0;0;113
1691;12.45038052;0;0;113
1692;16.33388076;0;0;113
1693;18.65233995;0;0;113
1694;19.68462408;0;0;113
1695;21.62646392;0;0;113
1696;0;0;0;114
1697;1.892234199;0;1;114
1698;2.61156254;0;0;114
1699;4.511811543;0;1;114
1700;8.195552346;0;1;114
1701;8.715850057;0;1;114
1702;9.772246255;0;1;114
1703;10.80633934;0;1;114
1704;14.82158161;0;1;114
1705;15.68756104;0;1;114
1706;15.76431215;0;1;114
1707;16.27817717;0;1;114
1708;19.83894397;0;1;114
1709;20.3098246;0;1;114
1710;22.1734028;0;1;114
1711;0;0;0;115
1712;1.145865768;0;0;115
1713;3.120559931;0;1;115
1714;3.200227249;0;0;115
1715;4.458419088;0;1;115
1716;6.381644594;0;1;115
1717;7.346905203;0;1;115
1718;11.73917183;0;1;115
1719;14.78468105;0;1;115
1720;15.22078509;0;1;115
1721;15.97964527;0;1;115
1722;18.5337531;0;1;115
1723;20.09450982;0;1;115
1724;20.51436718;0;1;115
1725;21.88829305;0;1;115
1726;0;0;0;116
1727;0.151806202;0;0;116
1728;0.596922205;0;0;116
1729;1.468960708;0;0;116
1730;5.728299083;0;0;116
1731;8.637093252;0;1;116
1732;9.832117026;0;1;116
1733;10.92781405;0;0;116
1734;11.74646722;0;0;116
1735;13.93227714;0;0;116
1736;15.22117844;0;0;116
1737;18.25981961;0;0;116
1738;19.11439113;0;0;116
1739;24.61670961;0;1;116
1740;24.71525148;0;1;116
1741;0;0;0;117
1742;4.459763446;0;1;117
1743;4.67220656;0;1;117
1744;6.437560619;0;0;117
1745;10.57570684;0;1;117
1746;11.72610014;0;1;117
1747;12.60232085;0;1;117
1748;14.54298476;0;1;117
1749;15.22652446;0;1;117
1750;16.35953219;0;1;117
1751;19.85802915;0;1;117
1752;21.27079701;0;1;117
1753;22.19346286;0;1;117
1754;22.30041178;0;1;117
1755;22.33354333;0;1;117
1756;0;1;0;118
1757;2.49247902;1;0;118
1758;2.73846222;1;0;118
1759;2.835962619;1;0;118
1760;6.924035511;1;0;118
1761;9.861566336;1;0;118
1762;11.67393984;1;1;118
1763;18.05555128;1;1;118
1764;19.27615742;1;1;118
1765;19.62957356;1;1;118
1766;19.92897397;1;1;118
1767;20.72679237;1;1;118
1768;21.86519688;1;0;118
1769;23.49639119;1;1;118
1770;23.59223511;1;1;118
1771;0;0;0;119
1772;0.799216272;0;0;119
1773;0.929454266;0;0;119
1774;1.866157475;0;0;119
1775;3.026947757;0;1;119
1776;6.878587737;0;1;119
1777;8.907629485;0;1;119
1778;9.567797085;0;1;119
1779;10.0015678;0;1;119
1780;13.03613217;0;1;119
1781;16.05174873;0;1;119
1782;19.60569867;0;1;119
1783;19.62695899;0;1;119
1784;21.35330756;0;1;119
1785;22.12960441;0;1;119
1786;0;0;0;120
1787;0.999178377;0;0;120
1788;5.162185518;0;1;120
1789;7.122388686;0;1;120
1790;7.160542527;0;1;120
1791;9.762924269;0;1;120
1792;10.59898268;0;1;120
1793;13.06036678;0;1;120
1794;13.97031847;0;1;120
1795;15.29371021;0;1;120
1796;15.43907835;0;1;120
1797;15.83591462;0;1;120
1798;16.41239913;0;1;120
1799;18.63204867;0;1;120
1800;23.38255824;0;1;120
1801;0;0;1;121
1802;0.883087947;0;0;121
1803;2.082183637;0;1;121
1804;5.595180561;0;1;121
1805;6.498199975;0;1;121
1806;8.083402208;0;1;121
1807;8.222913422;0;1;121
1808;12.24053095;0;1;121
1809;13.14029631;0;1;121
1810;13.47548388;0;1;121
1811;14.92017288;0;1;121
1812;18.55216648;0;1;121
1813;21.87116564;0;1;121
1814;23.82092824;0;1;121
1815;24.90929943;0;1;121
1816;0;0;0;122
1817;2.126749267;0;0;122
1818;3.095158708;0;0;122
1819;4.693917517;0;0;122
1820;11.52998514;0;0;122
1821;12.20388913;0;0;122
1822;14.87068653;0;0;122
1823;16.31704087;0;0;122
1824;17.82582652;0;0;122
1825;17.90466792;0;0;122
1826;21.07261661;0;0;122
1827;21.1323417;0;0;122
1828;21.30147841;0;0;122
1829;23.39768267;0;0;122
1830;23.67259187;0;0;122
1831;0;1;0;123
1832;1.59267108;1;0;123
1833;1.807581889;1;1;123
1834;2.745039889;1;1;123
1835;6.826941675;1;0;123
1836;9.070624918;1;1;123
1837;9.433552669;1;1;123
1838;12.81652877;1;1;123
1839;13.9579735;1;1;123
1840;15.3852122;1;1;123
1841;20.47268876;1;1;123
1842;21.83778035;1;1;123
1843;23.64055373;1;1;123
1844;23.69429159;1;1;123
1845;24.74632004;1;1;123
1846;0;1;0;124
1847;0.785666605;1;0;124
1848;2.058572008;1;0;124
1849;4.83086821;1;0;124
1850;4.928708164;1;0;124
1851;7.846779667;1;0;124
1852;10.87867633;1;0;124
1853;11.16857166;1;0;124
1854;13.9160262;1;1;124
1855;15.03115708;1;0;124
1856;16.38963669;1;0;124
1857;19.49843856;1;0;124
1858;21.77459886;1;0;124
1859;23.42541395;1;0;124
1860;24.86651056;1;1;124
1861;0;0;1;125
1862;0.134111184;0;0;125
1863;0.146177539;0;0;125
1864;3.182743397;0;0;125
1865;3.394097992;0;1;125
1866;7.475386409;0;0;125
1867;9.217247058;0;0;125
1868;13.92752522;0;0;125
1869;19.5540897;0;0;125
1870;20.23365688;0;0;125
1871;20.42185155;0;0;125
1872;21.30134928;0;0;125
1873;23.27665715;0;0;125
1874;23.80355963;0;0;125
1875;24.22205874;0;0;125
1876;0;0;0;126
1877;0.454078254;0;0;126
1878;4.138167942;0;0;126
1879;10.02608117;0;0;126
1880;11.18854024;0;0;126
1881;12.39586247;0;0;126
1882;12.49796227;0;0;126
1883;15.57064587;0;0;126
1884;17.08330493;0;0;126
1885;19.68622158;0;0;126
1886;20.59359205;0;1;126
1887;22.34238999;0;1;126
1888;23.39447705;0;0;126
1889;24.18387322;0;0;126
1890;24.36137185;0;1;126
1891;0;0;0;127
1892;3.740113176;0;0;127
1893;5.556327332;0;0;127
1894;6.373037922;0;0;127
1895;6.818780897;0;0;127
1896;8.643884282;0;0;127
1897;10.6633807;0;0;127
1898;11.44633428;0;1;127
1899;15.02813475;0;1;127
1900;15.97750678;0;0;127
1901;16.90732218;0;0;127
1902;17.64610313;0;0;127
1903;22.2237531;0;1;127
1904;22.71811718;0;1;127
1905;24.80132802;0;1;127
1906;0;0;0;128
1907;0.878774776;0;0;128
1908;1.75018133;0;1;128
1909;3.303049156;0;0;128
1910;4.024075891;0;0;128
1911;6.041259633;0;1;128
1912;6.802008365;0;1;128
1913;9.206756949;0;1;128
1914;11.79982903;0;1;128
1915;15.3338413;0;1;128
1916;16.34219318;0;1;128
1917;16.93635212;0;1;128
1918;17.82390233;0;1;128
1919;21.14879326;0;1;128
1920;24.15662532;0;1;128
1921;0;1;1;129
1922;1.249994425;1;0;129
1923;3.881603398;1;0;129
1924;5.359510641;1;0;129
1925;8.304713335;1;0;129
1926;9.056230256;1;0;129
1927;12.75700045;1;0;129
1928;14.88100592;1;0;129
1929;14.90509071;1;0;129
1930;15.44391128;1;0;129
1931;16.11840827;1;0;129
1932;16.74683112;1;0;129
1933;20.9047782;1;0;129
1934;21.14627514;1;0;129
1935;23.96537842;1;0;129
1936;0;0;0;130
1937;0.115224352;0;1;130
1938;6.653187086;0;0;130
1939;11.23176286;0;1;130
1940;11.64823472;0;0;130
1941;12.01579112;0;0;130
1942;12.96168123;0;0;130
1943;14.56380079;0;0;130
1944;14.93444159;0;0;130
1945;15.06768832;0;1;130
1946;15.46030838;0;0;130
1947;17.23215094;0;0;130
1948;19.8894021;0;1;130
1949;21.52385843;0;0;130
1950;23.73496939;0;0;130
1951;0;0;0;131
1952;0.938495976;0;0;131
1953;2.948790928;0;1;131
1954;5.201866757;0;1;131
1955;10.16156121;0;1;131
1956;12.51855258;0;1;131
1957;13.50482391;0;1;131
1958;18.05874174;0;1;131
1959;19.24525741;0;1;131
1960;21.58984272;0;1;131
1961;21.73847738;0;1;131
1962;22.03584905;0;1;131
1963;22.0399417;0;1;131
1964;23.14660061;0;1;131
1965;24.87486281;0;1;131
1966;0;1;1;132
1967;0.382477604;1;0;132
1968;0.677639846;1;1;132
1969;5.870749621;1;1;132
1970;7.867282518;1;1;132
1971;7.894826803;1;1;132
1972;8.485781157;1;1;132
1973;10.39986997;1;1;132
1974;12.04115662;1;1;132
1975;12.13567515;1;1;132
1976;16.06128238;1;1;132
1977;16.50280624;1;1;132
1978;19.40834749;1;1;132
1979;19.4742645;1;1;132
1980;23.6115347;1;1;132
1981;0;1;0;133
1982;1.783706207;1;0;133
1983;7.390184363;1;1;133
1984;8.38186036;1;0;133
1985;11.54909442;1;1;133
1986;14.37142087;1;1;133
1987;14.44509311;1;1;133
1988;14.48948335;1;1;133
1989;16.67004435;1;1;133
1990;17.29278535;1;1;133
1991;18.67564708;1;1;133
1992;21.33310045;1;1;133
1993;22.65545479;1;1;133
1994;23.46390005;1;1;133
1995;24.83941942;1;1;133
1996;0;1;0;134
1997;2.243964677;1;0;134
1998;5.581407103;1;1;134
1999;5.888109875;1;1;134
2000;6.152486365;1;1;134
2001;7.062610949;1;1;134
2002;9.241154848;1;1;134
2003;10.31048104;1;1;134
2004;12.38983593;1;1;134
2005;12.52848492;1;1;134
2006;16.81884319;1;1;134
2007;20.42645757;1;1;134
2008;21.66148112;1;1;134
2009;22.15765699;1;1;134
2010;23.39392315;1;1;134
2011;0;1;1;135
2012;1.147648663;1;0;135
2013;3.436235135;1;0;135
2014;3.565879469;1;1;135
2015;4.979293363;1;0;135
2016;6.137626688;1;1;135
2017;8.089056116;1;1;135
2018;8.691034402;1;0;135
2019;8.985821775;1;0;135
2020;9.796256106;1;1;135
2021;10.37692071;1;0;135
2022;15.05264763;1;0;135
2023;19.61369755;1;1;135
2024;21.32327189;1;1;135
2025;22.85911808;1;1;135
2026;0;1;0;136
2027;2.809611522;1;1;136
2028;3.933938395;1;0;136
2029;6.344776228;1;0;136
2030;6.848930317;1;0;136
2031;9.817703988;1;0;136
2032;11.09578962;1;0;136
2033;13.3944476;1;0;136
2034;13.53179199;1;0;136
2035;13.95115604;1;0;136
2036;18.38174733;1;0;136
2037;20.61723148;1;0;136
2038;21.79595184;1;0;136
2039;24.44020403;1;0;136
2040;24.77059332;1;0;136
2041;0;0;1;137
2042;1.310421264;0;0;137
2043;1.941065304;0;1;137
2044;2.056751051;0;0;137
2045;13.76724396;0;1;137
2046;14.05112141;0;1;137
2047;14.12894382;0;1;137
2048;14.68353451;0;1;137
2049;14.80913214;0;1;137
2050;15.36125412;0;1;137
2051;15.54726613;0;1;137
2052;15.71417688;0;1;137
2053;15.97313212;0;1;137
2054;17.17736725;0;1;137
2055;18.19532157;0;1;137
2056;0;0;0;138
2057;1.857094804;0;1;138
2058;3.647746879;0;1;138
2059;9.456425515;0;1;138
2060;10.9289863;0;1;138
2061;12.16125198;0;1;138
2062;12.47762386;0;1;138
2063;12.96592993;0;1;138
2064;13.19525349;0;1;138
2065;13.4618086;0;1;138
2066;14.05651338;0;1;138
2067;19.58825181;0;1;138
2068;20.75758981;0;1;138
2069;24.02652502;0;1;138
2070;24.73162764;0;1;138
2071;0;1;0;139
2072;0.434430037;1;0;139
2073;0.806674914;1;1;139
2074;0.943354517;1;1;139
2075;1.183707349;1;1;139
2076;1.674399117;1;1;139
2077;4.023975891;1;1;139
2078;7.014937903;1;1;139
2079;7.22367983;1;1;139
2080;11.72743483;1;1;139
2081;13.04564537;1;1;139
2082;16.70873825;1;1;139
2083;18.86959963;1;1;139
2084;20.14809937;1;1;139
2085;20.90966067;1;1;139
2086;0;1;0;140
2087;3.383578896;1;1;140
2088;3.399882128;1;0;140
2089;3.880915529;1;1;140
2090;5.299905833;1;0;140
2091;6.441199902;1;0;140
2092;6.699239981;1;0;140
2093;9.336091625;1;0;140
2094;11.85292169;1;0;140
2095;13.29577987;1;0;140
2096;13.95509925;1;0;140
2097;16.39695271;1;0;140
2098;19.08721036;1;0;140
2099;19.38374821;1;0;140
2100;20.94869322;1;0;140
2101;0;1;0;141
2102;1.109992841;1;0;141
2103;3.259462805;1;0;141
2104;5.317028385;1;0;141
2105;5.520068627;1;1;141
2106;6.111160759;1;0;141
2107;7.566551224;1;0;141
2108;8.99052922;1;1;141
2109;9.500106209;1;1;141
2110;11.68222016;1;0;141
2111;13.55874537;1;1;141
2112;14.21792575;1;1;141
2113;21.94902938;1;1;141
2114;23.36958382;1;1;141
2115;24.73546121;1;1;141
2116;0;0;0;142
2117;3.450755263;0;1;142
2118;3.534126224;0;1;142
2119;3.622328676;0;1;142
2120;4.704962275;0;0;142
2121;5.129826901;0;0;142
2122;8.040934429;0;1;142
2123;10.38859252;0;1;142
2124;11.2811758;0;1;142
2125;11.47896188;0;1;142
2126;16.19675681;0;1;142
2127;16.88233749;0;1;142
2128;18.76010621;0;1;142
2129;19.60995435;0;1;142
2130;23.77638957;0;1;142
2131;0;1;0;143
2132;2.208290843;1;0;143
2133;3.612896282;1;1;143
2134;3.913797432;1;0;143
2135;3.991849505;1;0;143
2136;4.137730727;1;0;143
2137;6.279357435;1;1;143
2138;7.51551271;1;1;143
2139;10.0401662;1;0;143
2140;11.21395265;1;1;143
2141;11.60383659;1;1;143
2142;15.57366424;1;1;143
2143;18.80216678;1;1;143
2144;21.44516134;1;0;143
2145;22.3354443;1;0;143
2146;0;1;0;144
2147;0.134907739;1;0;144
2148;1.39191788;1;0;144
2149;3.729509801;1;0;144
2150;4.77974902;1;0;144
2151;5.545855028;1;0;144
2152;6.683655153;1;0;144
2153;11.18557227;1;0;144
2154;12.32068266;1;0;144
2155;12.8608565;1;0;144
2156;14.96500683;1;0;144
2157;15.21499243;1;0;144
2158;15.40856921;1;0;144
2159;21.2740806;1;0;144
2160;24.80396101;1;0;144
2161;0;1;0;145
2162;0.088387367;1;0;145
2163;2.786919894;1;0;145
2164;4.917979229;1;1;145
2165;6.059683429;1;0;145
2166;6.268411264;1;0;145
2167;8.186305501;1;1;145
2168;10.40868241;1;1;145
2169;10.95148761;1;0;145
2170;14.43135742;1;1;145
2171;17.01191508;1;1;145
2172;18.22953109;1;1;145
2173;18.83476462;1;1;145
2174;24.93560359;1;1;145
2175;24.94221862;1;1;145
2176;0;0;0;146
2177;2.587307466;0;0;146
2178;4.369378433;0;0;146
2179;5.573208502;0;0;146
2180;10.87075364;0;0;146
2181;10.88220172;0;0;146
2182;14.35474333;0;0;146
2183;14.44087873;0;0;146
2184;14.74997819;0;1;146
2185;15.31009391;0;0;146
2186;18.41265067;0;1;146
2187;18.62090125;0;0;146
2188;19.06145469;0;0;146
2189;23.78030901;0;0;146
2190;23.99689664;0;0;146
2191;0;1;0;147
2192;1.240639633;1;0;147
2193;2.415505896;1;0;147
2194;3.19437682;1;0;147
2195;4.068578465;1;0;147
2196;4.993823566;1;0;147
2197;11.97371314;1;1;147
2198;14.75983422;1;1;147
2199;16.56848976;1;1;147
2200;19.60104819;1;1;147
2201;20.38782072;1;1;147
2202;22.66743957;1;1;147
2203;22.97573278;1;1;147
2204;23.03765657;1;1;147
2205;23.77225587;1;1;147
2206;0;0;1;148
2207;0.257030502;0;0;148
2208;2.89164756;0;0;148
2209;3.194787091;0;0;148
2210;4.248205619;0;1;148
2211;6.742068112;0;1;148
2212;8.086743281;0;1;148
2213;15.44903987;0;1;148
2214;16.81425776;0;1;148
2215;19.11532904;0;1;148
2216;20.6315339;0;1;148
2217;20.9102889;0;1;148
2218;21.28253719;0;1;148
2219;22.83344016;0;1;148
2220;23.34154343;0;1;148
2221;0;0;0;149
2222;1.224638516;0;0;149
2223;2.709485387;0;0;149
2224;3.832706792;0;1;149
2225;9.862687928;0;1;149
2226;10.00712916;0;1;149
2227;11.61421364;0;1;149
2228;13.0473925;0;1;149
2229;15.13084869;0;1;149
2230;16.05313841;0;1;149
2231;16.64488259;0;1;149
2232;17.42097664;0;1;149
2233;18.19464683;0;1;149
2234;19.18998193;0;1;149
2235;24.14467084;0;1;149
2236;0;1;0;150
2237;0.671887671;1;0;150
2238;1.68799322;1;0;150
2239;2.362888266;1;0;150
2240;3.844231501;1;0;150
2241;7.531293394;1;0;150
2242;7.762082608;1;0;150
2243;7.882961439;1;0;150
2244;9.927773447;1;0;150
2245;10.39506657;1;0;150
2246;13.05588518;1;0;150
2247;16.96772025;1;0;150
2248;18.56097172;1;0;150
2249;24.00230531;1;0;150
2250;24.76075643;1;0;150
2251;0;0;0;151
2252;4.265744134;0;0;151
2253;5.090227228;0;0;151
2254;5.249772419;0;1;151
2255;7.026584278;0;1;151
2256;8.83534468;0;1;151
2257;10.6178663;0;1;151
2258;12.35375799;0;1;151
2259;15.74604514;0;1;151
2260;17.02496217;0;1;151
2261;17.96159711;0;1;151
2262;18.01567606;0;1;151
2263;20.93806314;0;1;151
2264;21.9137428;0;1;151
2265;24.09421977;0;1;151
2266;0;1;0;152
2267;0.612991326;1;0;152
2268;0.614288793;1;0;152
2269;5.455836508;1;0;152
2270;5.495795293;1;0;152
2271;6.748555484;1;0;152
2272;13.04382021;1;0;152
2273;13.09832692;1;0;152
2274;16.55229118;1;0;152
2275;17.78714863;1;0;152
2276;19.07766756;1;0;152
2277;21.02218998;1;0;152
2278;21.25066811;1;0;152
2279;21.69545428;1;0;152
2280;23.2705268;1;0;152
2281;0;1;0;153
2282;3.451123426;1;0;153
2283;3.743026929;1;0;153
2284;4.113759898;1;0;153
2285;4.52198775;1;0;153
2286;9.469709801;1;0;153
2287;10.88656755;1;0;153
2288;11.79121107;1;0;153
2289;12.8852471;1;0;153
2290;14.0529039;1;0;153
2291;16.91118118;1;0;153
2292;17.59306924;1;0;153
2293;20.27750422;1;0;153
2294;23.28236866;1;0;153
2295;24.05971331;1;0;153
2296;0;0;0;154
2297;1.247569732;0;0;154
2298;2.481792966;0;1;154
2299;3.813842568;0;1;154
2300;4.026954854;0;1;154
2301;7.003701903;0;1;154
2302;7.55544398;0;1;154
2303;8.150457969;0;1;154
2304;8.874173678;0;1;154
2305;9.226556041;0;1;154
2306;9.686255053;0;1;154
2307;15.85396966;0;1;154
2308;17.41136119;0;1;154
2309;17.67659022;0;1;154
2310;24.12958288;0;1;154
2311;0;0;0;155
2312;1.133402536;0;0;155
2313;3.11051865;0;0;155
2314;5.813483772;0;0;155
2315;10.05805563;0;1;155
2316;10.91873994;0;1;155
2317;11.44914419;0;1;155
2318;14.7800071;0;1;155
2319;15.75725192;0;1;155
2320;17.59667515;0;1;155
2321;18.63265773;0;1;155
2322;20.58206866;0;1;155
2323;24.29032007;0;1;155
2324;24.75181345;0;1;155
2325;24.91290678;0;1;155
2326;0;1;0;156
2327;0.217935478;1;0;156
2328;1.004994824;1;0;156
2329;1.259472856;1;1;156
2330;3.825163719;1;0;156
2331;4.658117815;1;0;156
2332;8.134553791;1;1;156
2333;10.66371456;1;0;156
2334;11.22162939;1;1;156
2335;11.64473061;1;1;156
2336;16.52301219;1;0;156
2337;19.79682403;1;1;156
2338;20.51949666;1;0;156
2339;21.06029824;1;1;156
2340;24.04071094;1;0;156
2341;0;1;0;157
2342;0.704552745;1;0;157
2343;4.301318334;1;1;157
2344;6.600769109;1;0;157
2345;14.7842278;1;1;157
2346;16.74291171;1;1;157
2347;16.78956178;1;1;157
2348;17.14605828;1;1;157
2349;17.91534622;1;1;157
2350;18.64784191;1;1;157
2351;18.66038523;1;1;157
2352;19.52683088;1;1;157
2353;21.13706397;1;1;157
2354;21.27436896;1;1;157
2355;23.25885079;1;1;157
2356;0;0;0;158
2357;0.457900029;0;0;158
2358;2.015970572;0;0;158
2359;3.208702814;0;0;158
2360;4.362253525;0;1;158
2361;7.07019773;0;0;158
2362;9.801419143;0;0;158
2363;10.08183042;0;0;158
2364;14.09171936;0;0;158
2365;14.96622421;0;0;158
2366;16.8182042;0;0;158
2367;17.68289855;0;0;158
2368;17.91801181;0;0;158
2369;19.70812131;0;0;158
2370;20.50411161;0;0;158
2371;0;0;0;159
2372;0.552179822;0;0;159
2373;1.283890381;0;0;159
2374;2.335452131;0;0;159
2375;2.579977509;0;0;159
2376;2.712547587;0;1;159
2377;4.054491682;0;0;159
2378;6.650225783;0;0;159
2379;7.638412988;0;0;159
2380;13.33610575;0;0;159
2381;14.10106093;0;0;159
2382;15.81251974;0;1;159
2383;15.99812855;0;1;159
2384;20.76894584;0;1;159
2385;24.8083759;0;1;159
2386;0;1;0;160
2387;0.561426481;1;0;160
2388;4.495972226;1;0;160
2389;4.609007831;1;0;160
2390;6.136607466;1;0;160
2391;8.126042114;1;0;160
2392;8.217301872;1;0;160
2393;11.65343645;1;0;160
2394;11.80048835;1;0;160
2395;16.20507098;1;0;160
2396;19.88391756;1;1;160
2397;21.37239292;1;1;160
2398;21.47130346;1;0;160
2399;23.56018209;1;1;160
2400;24.17679576;1;1;160
2401;0;1;0;161
2402;1.884530939;1;0;161
2403;6.501221424;1;0;161
2404;7.236319711;1;0;161
2405;7.497647317;1;0;161
2406;10.60947437;1;0;161
2407;12.00115853;1;0;161
2408;16.35268041;1;0;161
2409;19.05687666;1;1;161
2410;19.5257994;1;0;161
2411;21.70381341;1;0;161
2412;22.9634831;1;0;161
2413;24.23115248;1;0;161
2414;24.6759302;1;0;161
2415;24.98184583;1;1;161
2416;0;1;0;162
2417;0.49871963;1;0;162
2418;1.45977569;1;0;162
2419;3.150679963;1;0;162
2420;4.073965992;1;0;162
2421;5.905971181;1;1;162
2422;8.215298125;1;1;162
2423;8.511231636;1;1;162
2424;11.54238709;1;0;162
2425;15.44650076;1;1;162
2426;17.00738613;1;1;162
2427;17.20100304;1;1;162
2428;21.55455552;1;1;162
2429;22.39539588;1;1;162
2430;24.54864556;1;1;162
2431;0;0;0;163
2432;0.763671071;0;0;163
2433;1.254153694;0;0;163
2434;3.828943614;0;1;163
2435;5.531167239;0;1;163
2436;6.100617006;0;1;163
2437;6.466039841;0;1;163
2438;7.796622685;0;1;163
2439;8.995531709;0;1;163
2440;10.94162506;0;1;163
2441;11.332501;0;1;163
2442;22.41610162;0;1;163
2443;22.57591523;0;1;163
2444;23.57121654;0;1;163
2445;23.98493661;0;1;163
2446;0;1;0;164
2447;2.762336127;1;0;164
2448;4.256751627;1;0;164
2449;4.963160917;1;0;164
2450;5.690717313;1;0;164
2451;5.955021165;1;0;164
2452;9.276579181;1;0;164
2453;10.54530294;1;0;164
2454;12.58212528;1;0;164
2455;13.18998265;1;0;164
2456;13.46496942;1;0;164
2457;13.62441067;1;0;164
2458;15.35262586;1;0;164
2459;22.10904645;1;0;164
2460;22.53771632;1;0;164
2461;0;0;0;165
2462;4.226733919;0;0;165
2463;4.755404085;0;0;165
2464;7.290764956;0;0;165
2465;8.138992445;0;0;165
2466;11.93210831;0;1;165
2467;14.21788756;0;0;165
2468;15.47681188;0;0;165
2469;15.52675344;0;0;165
2470;16.78828319;0;0;165
2471;18.06901324;0;1;165
2472;21.43246884;0;1;165
2473;21.90988174;0;1;165
2474;22.355774;0;1;165
2475;22.98027247;0;1;165
2476;0;1;1;166
2477;0.124779466;1;0;166
2478;2.947294916;1;0;166
2479;5.040181382;1;1;166
2480;9.238037752;1;1;166
2481;9.252903535;1;1;166
2482;13.2072037;1;1;166
2483;13.66880176;1;1;166
2484;14.67148854;1;1;166
2485;15.24017525;1;1;166
2486;15.94053562;1;1;166
2487;16.58394178;1;1;166
2488;17.37674947;1;1;166
2489;17.46181014;1;1;166
2490;20.45730423;1;1;166
2491;0;1;0;167
2492;0.543994829;1;0;167
2493;1.830214134;1;0;167
2494;1.97979798;1;0;167
2495;2.468709287;1;0;167
2496;5.277551594;1;0;167
2497;5.770196201;1;0;167
2498;6.442014343;1;0;167
2499;11.35336742;1;0;167
2500;11.84261143;1;0;167
2501;13.85201252;1;1;167
2502;15.90983481;1;0;167
2503;17.92434428;1;0;167
2504;19.42156014;1;0;167
2505;23.65988901;1;1;167
2506;0;0;0;168
2507;1.834182889;0;0;168
2508;3.908759152;0;0;168
2509;4.231015348;0;0;168
2510;9.135132423;0;0;168
2511;11.50416547;0;0;168
2512;11.61842281;0;0;168
2513;14.15572328;0;0;168
2514;16.24846621;0;0;168
2515;19.4726777;0;0;168
2516;20.59165941;0;0;168
2517;22.75359172;0;0;168
2518;23.03628854;0;0;168
2519;23.0515472;0;0;168
2520;23.2720852;0;0;168
2521;0;1;0;169
2522;0.941195764;1;0;169
2523;1.656707528;1;0;169
2524;5.459902756;1;0;169
2525;5.939626851;1;0;169
2526;5.999852717;1;0;169
2527;6.571175047;1;1;169
2528;7.058876305;1;0;169
2529;10.55965687;1;1;169
2530;12.0655947;1;1;169
2531;12.39929215;1;1;169
2532;13.74379083;1;1;169
2533;17.84344012;1;1;169
2534;18.24945785;1;1;169
2535;22.39205033;1;1;169
2536;0;1;0;170
2537;0.348542084;1;0;170
2538;5.13489474;1;0;170
2539;6.189124059;1;1;170
2540;7.997969008;1;0;170
2541;9.485194384;1;0;170
2542;10.23008197;1;0;170
2543;11.65436766;1;0;170
2544;11.77051043;1;0;170
2545;14.28589877;1;0;170
2546;16.60754936;1;0;170
2547;18.20128403;1;0;170
2548;21.96737691;1;0;170
2549;23.12581314;1;0;170
2550;23.58061845;1;0;170
2551;0;1;1;171
2552;0.201038388;1;1;171
2553;0.252893328;1;0;171
2554;3.490409767;1;0;171
2555;4.847534216;1;0;171
2556;6.423771696;1;0;171
2557;9.363641386;1;0;171
2558;9.438501397;1;0;171
2559;11.77453707;1;0;171
2560;14.05545258;1;0;171
2561;14.1427005;1;0;171
2562;17.76746258;1;0;171
2563;19.85900486;1;0;171
2564;24.51311258;1;0;171
2565;24.64668887;1;0;171
2566;0;1;0;172
2567;5.24955751;1;1;172
2568;5.60930334;1;1;172
2569;5.681279907;1;1;172
2570;7.810215314;1;1;172
2571;13.62967271;1;1;172
2572;15.24276755;1;1;172
2573;16.13482181;1;1;172
2574;16.4398801;1;1;172
2575;18.30804368;1;1;172
2576;20.06902562;1;1;172
2577;22.52769952;1;1;172
2578;22.90427533;1;1;172
2579;23.17156868;1;1;172
2580;24.88229947;1;1;172
2581;0;0;0;173
2582;0.302257668;0;1;173
2583;2.517819696;0;0;173
2584;4.036697221;0;1;173
2585;7.805806113;0;1;173
2586;8.48060142;0;1;173
2587;10.86237633;0;1;173
2588;11.62735636;0;1;173
2589;14.49945257;0;1;173
2590;15.3939016;0;1;173
2591;16.87501458;0;1;173
2592;18.39327891;0;1;173
2593;20.74187007;0;1;173
2594;21.59013323;0;1;173
2595;21.65170069;0;1;173
2596;0;0;0;174
2597;0.371197221;0;0;174
2598;1.709629467;0;1;174
2599;2.731697093;0;0;174
2600;8.36545364;0;0;174
2601;9.550474904;0;0;174
2602;9.767471428;0;0;174
2603;11.14641338;0;0;174
2604;12.3933973;0;0;174
2605;13.30051577;0;0;174
2606;15.14224837;0;0;174
2607;18.58537067;0;0;174
2608;18.75939762;0;0;174
2609;19.88846549;0;0;174
2610;21.1482075;0;0;174
2611;0;1;0;175
2612;0.380279846;1;0;175
2613;1.385370654;1;0;175
2614;1.400501694;1;1;175
2615;1.449997508;1;1;175
2616;3.065760346;1;0;175
2617;4.00931093;1;1;175
2618;6.106034917;1;1;175
2619;6.546930445;1;0;175
2620;8.700835821;1;1;175
2621;14.50546022;1;1;175
2622;16.56512411;1;1;175
2623;16.89424998;1;1;175
2624;19.95023465;1;1;175
2625;20.83386929;1;1;175
2626;0;1;0;176
2627;3.371258272;1;0;176
2628;4.924029927;1;0;176
2629;4.979359533;1;1;176
2630;6.350682583;1;0;176
2631;8.506643161;1;1;176
2632;11.26530952;1;1;176
2633;15.15468713;1;1;176
2634;16.036389;1;1;176
2635;16.37046463;1;0;176
2636;19.340323;1;1;176
2637;20.10545689;1;0;176
2638;21.93094625;1;1;176
2639;24.36574374;1;0;176
2640;24.69920088;1;1;176
2641;0;0;0;177
2642;0.663231924;0;0;177
2643;0.850206061;0;0;177
2644;1.183458499;0;0;177
2645;2.479964081;0;0;177
2646;4.2265528;0;0;177
2647;4.337801161;0;0;177
2648;8.410741756;0;1;177
2649;8.488468366;0;1;177
2650;9.452163358;0;1;177
2651;10.48082082;0;1;177
2652;10.86897434;0;0;177
2653;12.36370717;0;1;177
2654;14.70806961;0;1;177
2655;18.80816687;0;1;177
2656;0;0;0;178
2657;3.708837437;0;0;178
2658;5.411945161;0;1;178
2659;5.847180408;0;1;178
2660;6.362693728;0;1;178
2661;6.426754332;0;1;178
2662;6.558909838;0;1;178
2663;7.749839145;0;1;178
2664;8.00757141;0;1;178
2665;15.6522953;0;1;178
2666;17.67934369;0;1;178
2667;18.56013046;0;1;178
2668;19.74774908;0;1;178
2669;21.09079091;0;1;178
2670;23.07058814;0;1;178
2671;0;0;0;179
2672;3.544154757;0;0;179
2673;7.365866861;0;1;179
2674;7.868508733;0;0;179
2675;11.59716779;0;1;179
2676;14.3154952;0;1;179
2677;16.26631661;0;1;179
2678;16.6501654;0;1;179
2679;16.6929485;0;1;179
2680;17.71050126;0;1;179
2681;18.33316698;0;1;179
2682;21.10887677;0;1;179
2683;21.33829205;0;1;179
2684;22.89121569;0;1;179
2685;22.99856035;0;1;179
2686;0;1;0;180
2687;3.363505361;1;0;180
2688;3.95272621;1;0;180
2689;5.938938883;1;0;180
2690;6.740468828;1;0;180
2691;8.252659644;1;0;180
2692;11.30911232;1;0;180
2693;13.1851887;1;0;180
2694;13.23742199;1;0;180
2695;15.67813581;1;0;180
2696;15.85767434;1;0;180
2697;16.25707328;1;0;180
2698;18.07641555;1;0;180
2699;19.6443802;1;0;180
2700;22.54260502;1;0;180
2701;0;1;1;181
2702;1.938873745;1;0;181
2703;4.471229098;1;0;181
2704;9.432840481;1;0;181
2705;9.910056845;1;0;181
2706;12.51120341;1;0;181
2707;13.23337773;1;0;181
2708;13.7359036;1;0;181
2709;15.87472922;1;0;181
2710;16.62383854;1;0;181
2711;19.26843402;1;1;181
2712;19.3590921;1;0;181
2713;21.40282635;1;0;181
2714;23.74309984;1;0;181
2715;24.06789665;1;0;181
2716;0;1;0;182
2717;2.298198838;1;0;182
2718;3.843240684;1;0;182
2719;9.744596662;1;1;182
2720;12.42383394;1;1;182
2721;16.52048719;1;1;182
2722;18.2439682;1;1;182
2723;18.98757333;1;1;182
2724;19.55560235;1;1;182
2725;20.2845622;1;1;182
2726;21.74617185;1;1;182
2727;22.53880823;1;1;182
2728;22.70087716;1;1;182
2729;23.10180402;1;1;182
2730;23.92445862;1;1;182
2731;0;1;0;183
2732;3.884967335;1;0;183
2733;4.808715632;1;0;183
2734;4.875214864;1;0;183
2735;5.81250611;1;0;183
2736;7.851992769;1;0;183
2737;10.32099227;1;0;183
2738;11.41188705;1;0;183
2739;11.41465923;1;0;183
2740;11.79867087;1;0;183
2741;12.98740197;1;0;183
2742;14.07739701;1;0;183
2743;14.76798083;1;0;183
2744;20.68042376;1;0;183
2745;21.67130113;1;0;183
2746;0;1;0;184
2747;0.258527696;1;0;184
2748;0.77727107;1;0;184
2749;2.153824287;1;0;184
2750;2.872523677;1;0;184
2751;7.728236861;1;1;184
2752;9.884885728;1;1;184
2753;10.84821047;1;1;184
2754;11.12468268;1;1;184
2755;11.36092924;1;1;184
2756;11.77768034;1;1;184
2757;11.81470203;1;1;184
2758;13.30839814;1;1;184
2759;20.57517733;1;1;184
2760;20.83504281;1;1;184
2761;0;1;0;185
2762;0.580271968;1;0;185
2763;1.937983633;1;0;185
2764;2.442305087;1;0;185
2765;3.580110712;1;0;185
2766;9.038277384;1;0;185
2767;9.611724509;1;0;185
2768;12.11654353;1;0;185
2769;13.32707599;1;0;185
2770;14.12277475;1;0;185
2771;18.58204104;1;0;185
2772;19.03521813;1;0;185
2773;20.50061927;1;0;185
2774;23.30763976;1;0;185
2775;24.04763544;1;0;185
2776;0;1;0;186
2777;2.598925016;1;0;186
2778;4.799812741;1;0;186
2779;5.667748483;1;0;186
2780;7.423348498;1;0;186
2781;9.34688932;1;0;186
2782;11.98441531;1;1;186
2783;13.64970781;1;0;186
2784;15.50894733;1;1;186
2785;15.68358405;1;1;186
2786;19.4315147;1;1;186
2787;19.91819837;1;1;186
2788;20.45447837;1;1;186
2789;21.05276084;1;1;186
2790;22.14931045;1;1;186
2791;0;1;1;187
2792;2.781711239;1;0;187
2793;3.138290194;1;1;187
2794;3.949914768;1;0;187
2795;4.314252024;1;0;187
2796;4.653264047;1;0;187
2797;8.412825741;1;0;187
2798;10.05724061;1;0;187
2799;12.80064636;1;0;187
2800;13.56746851;1;1;187
2801;14.66213567;1;1;187
2802;15.96156314;1;1;187
2803;16.61271699;1;0;187
2804;18.50653218;1;0;187
2805;18.54049601;1;0;187
2806;0;0;0;188
2807;1.123527158;0;0;188
2808;3.822665231;0;0;188
2809;4.146535601;0;1;188
2810;5.668179301;0;1;188
2811;7.68243763;0;1;188
2812;7.903428766;0;1;188
2813;12.49616356;0;1;188
2814;12.74674137;0;1;188
2815;16.73921034;0;1;188
2816;17.45735421;0;1;188
2817;18.65692933;0;1;188
2818;19.08038103;0;1;188
2819;22.75757776;0;1;188
2820;23.40896417;0;1;188
2821;0;1;0;189
2822;0.576793111;1;0;189
2823;1.107183169;1;0;189
2824;2.456647507;1;0;189
2825;4.432818154;1;0;189
2826;6.213334063;1;1;189
2827;6.993286323;1;1;189
2828;11.52505302;1;0;189
2829;11.67383055;1;1;189
2830;15.37871208;1;0;189
2831;16.01775;1;1;189
2832;19.99344391;1;1;189
2833;22.42736311;1;1;189
2834;23.62375615;1;1;189
2835;24.28570318;1;1;189
2836;0;0;0;190
2837;0.283175171;0;0;190
2838;1.051824016;0;1;190
2839;1.807354152;0;0;190
2840;6.035014155;0;1;190
2841;6.518586318;0;0;190
2842;9.068014123;0;0;190
2843;14.55456646;0;1;190
2844;15.18172244;0;1;190
2845;16.42927577;0;1;190
2846;17.73021648;0;1;190
2847;20.05709251;0;1;190
2848;22.01413413;0;1;190
2849;22.24073848;0;1;190
2850;24.99127535;0;1;190
2851;0;0;0;191
2852;0.779606152;0;1;191
2853;3.176610958;0;0;191
2854;3.559700935;0;0;191
2855;4.141330096;0;1;191
2856;4.456405021;0;0;191
2857;5.76723605;0;1;191
2858;6.824434316;0;1;191
2859;9.640856716;0;1;191
2860;10.37977619;0;1;191
2861;11.37974701;0;1;191
2862;13.55404597;0;1;191
2863;17.10886402;0;1;191
2864;18.32909444;0;1;191
2865;19.97201779;0;1;191
2866;0;0;0;192
2867;0.714350189;0;0;192
2868;1.861021045;0;0;192
2869;5.41962249;0;0;192
2870;7.006578997;0;0;192
2871;8.262223512;0;0;192
2872;8.793769602;0;0;192
2873;10.3370809;0;0;192
2874;10.43479758;0;0;192
2875;11.11091289;0;0;192
2876;18.23274874;0;0;192
2877;21.35070094;0;0;192
2878;23.19625699;0;0;192
2879;23.25136391;0;0;192
2880;23.50619443;0;0;192
2881;0;0;1;193
2882;1.60747433;0;0;193
2883;3.044247162;0;1;193
2884;4.851689172;0;0;193
2885;5.255212006;0;1;193
2886;7.963310828;0;1;193
2887;11.04479913;0;1;193
2888;14.60535615;0;1;193
2889;15.4863015;0;1;193
2890;16.45858529;0;1;193
2891;18.10463057;0;1;193
2892;20.41241798;0;1;193
2893;24.64017771;0;1;193
2894;24.71672285;0;1;193
2895;24.90412569;0;1;193
2896;0;0;0;194
2897;1.683734852;0;0;194
2898;1.896215579;0;0;194
2899;5.364661285;0;1;194
2900;8.586806303;0;1;194
2901;10.42754226;0;1;194
2902;12.46429161;0;1;194
2903;12.4840915;0;1;194
2904;15.7585688;0;1;194
2905;20.29880008;0;1;194
2906;20.41893115;0;1;194
2907;21.40289817;0;1;194
2908;22.68413347;0;1;194
2909;22.9781888;0;1;194
2910;24.43872759;0;1;194
2911;0;0;0;195
2912;2.623305831;0;0;195
2913;2.957353264;0;0;195
2914;3.034622729;0;0;195
2915;4.179276753;0;1;195
2916;5.527993391;0;1;195
2917;7.441597327;0;1;195
2918;13.59497315;0;1;195
2919;14.16549774;0;1;195
2920;16.46356157;0;1;195
2921;19.46951409;0;1;195
2922;21.82343509;0;1;195
2923;22.61347273;0;1;195
2924;22.88430337;0;1;195
2925;24.28230975;0;1;195
2926;0;0;0;196
2927;0.369864842;0;1;196
2928;2.338004252;0;0;196
2929;4.569170065;0;0;196
2930;7.789247739;0;0;196
2931;10.661657;0;0;196
2932;10.80168978;0;0;196
2933;11.70937759;0;0;196
2934;16.96507743;0;0;196
2935;17.08399038;0;0;196
2936;18.9681471;0;0;196
2937;19.43467417;0;0;196
2938;20.23777766;0;0;196
2939;21.18949033;0;0;196
2940;22.60245238;0;0;196
2941;0;0;0;197
2942;1.944297465;0;0;197
2943;2.543577261;0;0;197
2944;2.585984801;0;0;197
2945;2.955466625;0;1;197
2946;2.961107611;0;0;197
2947;4.347302287;0;0;197
2948;7.262964197;0;1;197
2949;11.01101312;0;1;197
2950;13.21695051;0;1;197
2951;13.8065866;0;1;197
2952;18.38285037;0;1;197
2953;19.90132295;0;1;197
2954;22.56033257;0;1;197
2955;23.04046521;0;1;197
2956;0;0;1;198
2957;0.61239964;0;0;198
2958;7.026898931;0;0;198
2959;7.212360279;0;0;198
2960;9.067368141;0;0;198
2961;9.376716078;0;0;198
2962;10.31811407;0;0;198
2963;11.53826158;0;0;198
2964;14.37303635;0;0;198
2965;16.58613528;0;0;198
2966;16.77308854;0;0;198
2967;16.80786067;0;0;198
2968;17.78300586;0;0;198
2969;18.31473745;0;0;198
2970;18.46761195;0;0;198
2971;0;1;0;199
2972;1.635547704;1;0;199
2973;2.937949396;1;0;199
2974;3.537283972;1;0;199
2975;7.716957678;1;0;199
2976;7.744705182;1;0;199
2977;10.08504882;1;0;199
2978;11.02123181;1;0;199
2979;13.6193042;1;0;199
2980;14.5980933;1;0;199
2981;18.30841987;1;0;199
2982;19.14186641;1;0;199
2983;21.3699754;1;0;199
2984;21.57991265;1;0;199
2985;24.43933094;1;0;199
2986;0;0;0;200
2987;0.233613577;0;1;200
2988;2.769438998;0;0;200
2989;7.141493238;0;1;200
2990;10.02713841;0;1;200
2991;11.63631152;0;1;200
2992;11.64552508;0;1;200
2993;14.16712864;0;1;200
2994;16.34264365;0;1;200
2995;16.85870652;0;1;200
2996;19.61392715;0;1;200
2997;21.87551354;0;1;200
2998;22.29862127;0;1;200
2999;22.48910635;0;1;200
3000;22.69503694;0;1;200
